date,max_temperature,min_temperature,max_relative_humidity,min_relative_humidity,max_wind_speed,min_wind_speed,precipitation,rain,snow,snow_on_ground
1990-01-01,-2.66,-11.24,90.02,66.99,31.01,6.0,46.68,18.86,33.02,7.9
1990-02-01,-1.7,-10.63,89.94,65.35,29.38,5.61,45.14,20.16,26.33,7.7
1990-03-01,3.47,-5.54,90.15,60.27,29.64,5.18,57.22,34.52,20.81,3.1
1990-04-01,11.42,0.56,88.57,49.5,30.5,4.5,64.38,56.35,7.3,0.3
1990-05-01,18.48,6.19,88.5,46.83,26.68,3.16,67.0,66.78,0.14,0.0
1990-06-01,23.62,11.1,89.99,48.63,24.88,2.4,68.42,68.42,0.0,0.0
1990-07-01,26.74,14.18,90.4,47.33,23.46,2.18,77.8,77.8,0.0,0.0
1990-08-01,25.52,13.37,93.25,50.39,22.6,2.08,81.74,81.74,0.0,0.0
1990-09-01,21.04,9.44,94.06,54.31,23.88,2.37,73.02,73.02,0.0,0.0
1990-10-01,14.16,3.63,93.45,57.57,25.09,3.16,62.12,60.97,1.12,0.0
1990-11-01,7.16,-0.75,93.22,65.91,27.85,4.71,70.91,64.79,6.73,0.3
1990-12-01,0.24,-7.55,91.87,69.74,29.11,5.31,62.33,35.6,30.68,4.1
1991-01-01,-2.5,-11.11,89.99,66.77,31.08,6.03,45.62,18.51,32.28,7.6
1991-02-01,-1.64,-10.64,89.93,65.03,29.35,5.51,45.53,20.83,25.91,7.6
1991-03-01,3.68,-5.31,90.22,60.2,29.63,5.12,56.88,35.11,19.9,2.8
1991-04-01,11.47,0.57,88.39,49.34,30.47,4.65,63.99,55.98,7.29,0.3
1991-05-01,18.44,6.09,88.29,46.36,26.81,3.2,65.99,65.77,0.14,0.0
1991-06-01,23.64,11.12,90.05,48.66,24.92,2.44,68.88,68.88,0.0,0.0
1991-07-01,26.75,14.22,90.35,47.33,23.44,2.19,76.62,76.62,0.0,0.0
1991-08-01,25.5,13.39,93.32,50.66,22.45,2.08,84.17,84.17,0.0,0.0
1991-09-01,20.95,9.37,94.18,54.64,23.83,2.36,74.23,74.23,0.0,0.0
1991-10-01,14.12,3.63,93.44,57.84,25.13,3.18,63.12,61.98,1.11,0.0
1991-11-01,7.15,-0.81,93.19,65.86,27.76,4.69,70.33,64.32,6.43,0.3
1991-12-01,0.39,-7.41,92.01,69.83,29.01,5.24,65.51,38.28,31.11,4.0
1992-01-01,-2.43,-11.02,90.15,66.91,31.05,6.12,46.38,18.88,32.59,7.7
1992-02-01,-1.62,-10.61,89.93,64.9,29.3,5.51,44.34,19.53,25.93,7.6
1992-03-01,3.75,-5.28,90.11,60.03,29.45,5.16,57.59,37.38,19.12,2.7
1992-04-01,11.63,0.68,88.21,49.06,30.29,4.66,64.57,57.48,6.49,0.2
1992-05-01,18.6,6.25,88.28,46.55,26.49,3.12,66.64,66.44,0.12,0.0
1992-06-01,23.72,11.18,89.87,48.5,24.75,2.42,66.93,66.93,0.0,0.0
1992-07-01,26.77,14.23,90.21,47.02,23.45,2.19,76.97,76.97,0.0,0.0
1992-08-01,25.5,13.42,93.21,50.56,22.42,2.1,85.34,85.34,0.0,0.0
1992-09-01,20.8,9.22,94.07,54.38,23.77,2.34,74.56,74.56,0.0,0.0
1992-10-01,14.03,3.62,93.38,57.91,25.02,3.16,64.17,63.03,1.11,0.0
1992-11-01,7.1,-0.8,93.12,65.92,27.7,4.74,70.49,64.13,6.88,0.3
1992-12-01,0.41,-7.43,91.98,69.75,28.88,5.02,65.46,37.69,31.73,4.0
1993-01-01,-2.38,-10.87,90.29,67.06,30.59,6.02,45.36,18.27,32.23,7.7
1993-02-01,-1.52,-10.43,90.06,65.05,29.03,5.43,42.64,19.89,24.16,7.2
1993-03-01,3.72,-5.3,90.25,60.13,29.5,5.14,57.91,37.67,19.2,2.6
1993-04-01,11.52,0.7,88.46,49.43,30.1,4.56,67.88,61.11,6.17,0.2
1993-05-01,18.45,6.17,88.48,46.83,26.36,3.08,68.58,68.37,0.12,0.0
1993-06-01,23.63,11.11,89.9,48.5,24.78,2.42,66.0,66.0,0.0,0.0
1993-07-01,26.67,14.22,90.44,47.46,23.31,2.12,78.43,78.43,0.0,0.0
1993-08-01,25.38,13.37,93.35,50.91,22.29,2.03,87.94,87.94,0.0,0.0
1993-09-01,20.81,9.22,94.17,54.62,23.68,2.25,73.44,73.44,0.0,0.0
1993-10-01,13.95,3.51,93.38,57.8,25.07,3.15,63.1,62.16,0.88,0.0
1993-11-01,7.07,-0.75,93.22,66.32,27.79,4.7,70.84,64.18,7.2,0.3
1993-12-01,0.47,-7.29,92.04,69.82,28.65,4.91,64.58,36.79,31.59,4.1
1994-01-01,-2.22,-10.72,90.46,67.12,30.54,5.95,46.58,19.53,32.11,7.7
1994-02-01,-1.5,-10.39,90.07,65.09,28.98,5.39,42.66,19.83,24.36,7.4
1994-03-01,3.61,-5.38,90.32,60.21,29.35,5.12,56.68,36.73,19.08,2.9
1994-04-01,11.46,0.74,88.58,49.75,29.96,4.52,67.86,61.36,5.91,0.2
1994-05-01,18.45,6.18,88.53,47.0,26.32,3.04,67.74,67.54,0.12,0.0
1994-06-01,23.51,11.09,90.17,48.89,24.87,2.42,68.7,68.7,0.0,0.0
1994-07-01,26.65,14.26,90.65,47.7,23.33,2.1,78.72,78.72,0.0,0.0
1994-08-01,25.45,13.45,93.48,50.95,22.2,1.97,87.29,87.29,0.0,0.0
1994-09-01,20.76,9.25,94.28,54.91,23.74,2.27,73.46,73.46,0.0,0.0
1994-10-01,13.69,3.39,93.54,58.31,25.19,3.18,64.2,63.26,0.88,0.0
1994-11-01,6.97,-0.85,93.25,66.24,27.72,4.67,69.16,62.4,7.31,0.3
1994-12-01,0.6,-7.11,92.08,69.67,28.64,4.91,64.04,37.28,29.96,3.8
1995-01-01,-2.47,-11.03,90.37,67.0,30.46,5.98,46.66,19.07,32.76,7.8
1995-02-01,-1.61,-10.43,90.0,65.06,29.01,5.4,42.38,19.83,24.12,7.2
1995-03-01,3.61,-5.37,90.27,60.19,29.1,5.03,55.48,35.99,18.62,2.9
1995-04-01,11.52,0.79,88.51,49.56,30.04,4.51,68.6,62.04,6.07,0.3
1995-05-01,18.34,6.15,88.52,47.13,26.27,3.06,68.98,68.78,0.12,0.0
1995-06-01,23.54,11.22,90.15,48.9,24.83,2.42,69.25,69.25,0.0,0.0
1995-07-01,26.64,14.28,90.63,47.75,23.32,2.06,78.1,78.1,0.0,0.0
1995-08-01,25.5,13.52,93.42,50.99,22.15,1.92,84.37,84.37,0.0,0.0
1995-09-01,20.79,9.34,94.25,54.9,23.71,2.26,74.71,74.71,0.0,0.0
1995-10-01,13.73,3.5,93.48,58.24,25.04,3.14,63.57,62.66,0.85,0.0
1995-11-01,7.02,-0.79,93.22,65.96,27.74,4.7,70.9,64.17,7.2,0.3
1995-12-01,0.7,-7.0,92.12,69.46,28.54,4.9,64.0,36.94,30.02,3.8
1996-01-01,-2.39,-10.85,90.53,67.27,30.28,5.9,48.76,21.55,32.1,7.8
1996-02-01,-1.65,-10.47,90.02,64.89,28.99,5.35,39.5,18.84,22.72,7.1
1996-03-01,3.84,-5.25,90.18,59.63,29.0,4.97,55.67,37.35,17.51,2.7
1996-04-01,11.54,0.81,88.23,49.18,30.14,4.56,68.64,62.25,5.93,0.3
1996-05-01,18.29,6.2,88.37,47.11,26.34,3.11,70.33,70.13,0.12,0.0
1996-06-01,23.6,11.39,90.07,49.12,24.7,2.39,69.65,69.65,0.0,0.0
1996-07-01,26.76,14.47,90.57,47.89,23.41,2.07,77.83,77.83,0.0,0.0
1996-08-01,25.59,13.68,93.35,51.01,22.13,1.89,86.39,86.39,0.0,0.0
1996-09-01,20.78,9.27,94.17,54.52,23.79,2.22,73.4,73.4,0.0,0.0
1996-10-01,13.83,3.66,93.42,58.16,25.08,3.1,64.47,63.6,0.81,0.0
1996-11-01,6.93,-0.81,93.15,65.85,27.79,4.72,72.25,64.71,7.95,0.3
1996-12-01,0.54,-7.14,91.98,69.19,28.73,4.96,63.06,35.5,30.69,3.8
1997-01-01,-2.35,-10.8,90.59,67.23,30.25,5.81,49.15,23.18,30.63,7.4
1997-02-01,-1.68,-10.48,89.95,64.68,29.17,5.37,39.75,19.13,22.54,6.8
1997-03-01,3.74,-5.38,89.95,59.24,29.11,4.96,55.02,35.93,18.26,2.8
1997-04-01,11.52,0.82,88.15,49.18,30.39,4.56,70.26,63.98,5.91,0.3
1997-05-01,18.34,6.3,88.16,47.09,26.3,3.03,71.77,71.66,0.11,0.0
1997-06-01,23.56,11.48,90.14,49.55,24.66,2.36,71.16,71.16,0.0,0.0
1997-07-01,26.63,14.49,90.69,48.34,23.48,2.03,80.58,80.58,0.0,0.0
1997-08-01,25.61,13.75,93.26,51.09,21.96,1.85,85.65,85.65,0.0,0.0
1997-09-01,20.81,9.4,94.12,54.78,23.68,2.24,77.1,77.1,0.0,0.0
1997-10-01,13.81,3.73,93.45,58.59,25.04,3.12,66.17,65.31,0.81,0.0
1997-11-01,6.81,-0.89,92.98,65.54,27.78,4.77,68.48,61.23,7.65,0.3
1997-12-01,0.61,-7.02,91.98,69.05,28.72,4.91,63.4,35.33,31.12,3.8
1998-01-01,-2.44,-10.9,90.45,66.95,30.43,5.89,49.45,23.38,30.41,7.4
1998-02-01,-1.53,-10.26,89.65,64.47,29.21,5.28,40.95,20.77,21.7,6.3
1998-03-01,3.76,-5.33,89.73,58.94,29.27,4.98,56.65,36.81,18.88,2.8
1998-04-01,11.51,0.81,87.78,48.86,30.36,4.56,67.93,61.98,5.53,0.3
1998-05-01,18.36,6.35,88.1,47.04,26.43,3.07,72.31,72.21,0.1,0.0
1998-06-01,23.56,11.51,89.89,49.27,24.72,2.34,67.83,67.83,0.0,0.0
1998-07-01,26.7,14.55,90.38,47.87,23.56,2.1,79.41,79.41,0.0,0.0
1998-08-01,25.62,13.8,93.04,50.95,22.0,1.86,86.51,86.51,0.0,0.0
1998-09-01,20.81,9.49,94.11,55.02,23.73,2.22,76.43,76.43,0.0,0.0
1998-10-01,13.85,3.74,93.31,58.18,24.95,3.07,64.84,63.87,0.9,0.0
1998-11-01,6.84,-0.85,92.94,65.39,27.63,4.72,69.0,61.21,8.17,0.4
1998-12-01,0.62,-6.97,91.8,68.7,28.63,4.87,62.09,33.93,31.17,3.8
1999-01-01,-2.25,-10.64,90.37,66.86,30.34,5.9,49.95,24.42,29.54,7.0
1999-02-01,-1.31,-9.99,89.57,64.28,28.97,5.1,41.21,21.19,21.48,6.3
1999-03-01,3.8,-5.24,89.54,58.8,29.35,5.12,58.01,38.11,18.54,2.8
1999-04-01,11.52,0.87,87.48,48.85,30.25,4.6,68.83,62.87,5.53,0.3
1999-05-01,18.61,6.59,87.88,46.9,26.43,3.07,71.33,71.22,0.1,0.0
1999-06-01,23.62,11.61,89.68,49.03,24.81,2.38,68.58,68.58,0.0,0.0
1999-07-01,26.73,14.64,90.2,47.69,23.66,2.11,78.99,78.99,0.0,0.0
1999-08-01,25.71,13.91,92.84,50.78,21.96,1.85,81.96,81.96,0.0,0.0
1999-09-01,20.9,9.5,93.81,54.47,23.85,2.25,74.77,74.77,0.0,0.0
1999-10-01,13.86,3.77,93.04,57.9,25.09,3.17,64.27,63.3,0.9,0.0
1999-11-01,6.93,-0.77,92.56,65.0,27.77,4.72,67.01,59.42,7.95,0.4
1999-12-01,0.81,-6.79,91.65,68.42,28.58,4.75,61.52,34.83,30.12,3.7
2000-01-01,-2.26,-10.62,90.27,66.73,30.36,5.95,51.83,24.28,31.63,7.4
2000-02-01,-1.2,-9.86,89.29,63.85,28.98,5.07,41.59,21.97,21.14,6.3
2000-03-01,3.87,-5.18,89.19,58.24,29.49,5.16,57.6,37.24,19.03,3.0
2000-04-01,11.53,0.94,86.97,48.45,30.24,4.63,67.46,61.32,5.65,0.3
2000-05-01,18.73,6.76,87.35,46.73,26.34,3.09,70.11,70.01,0.1,0.0
2000-06-01,23.75,11.78,89.33,48.75,24.76,2.43,69.49,69.49,0.0,0.0
2000-07-01,26.84,14.8,89.92,47.59,23.92,2.22,76.88,76.88,0.0,0.0
2000-08-01,25.63,13.96,92.68,50.81,22.05,1.9,82.04,82.04,0.0,0.0
2000-09-01,20.95,9.62,93.62,54.43,23.85,2.24,76.93,76.93,0.0,0.0
2000-10-01,13.87,3.83,92.89,57.79,25.18,3.19,64.69,64.05,0.49,0.0
2000-11-01,7.03,-0.71,92.29,64.62,27.93,4.75,67.24,59.85,7.74,0.4
2000-12-01,0.98,-6.59,91.51,68.14,28.66,4.7,60.36,34.79,28.72,3.3
2001-01-01,-2.1,-10.44,90.09,66.41,30.56,6.03,51.95,24.79,30.93,6.9
2001-02-01,-1.11,-9.72,89.07,63.64,28.95,5.13,42.21,22.31,21.64,6.4
2001-03-01,4.11,-4.98,88.85,57.58,29.62,5.17,56.77,36.74,18.8,3.0
2001-04-01,11.49,0.98,86.65,48.48,30.29,4.66,67.39,61.35,5.65,0.3
2001-05-01,18.77,6.87,87.16,46.7,26.46,3.12,72.37,72.26,0.1,0.0
2001-06-01,23.74,11.86,89.26,49.02,24.88,2.45,73.86,73.86,0.0,0.0
2001-07-01,26.79,14.82,89.63,47.6,23.95,2.28,74.22,74.22,0.0,0.0
2001-08-01,25.62,14.03,92.52,50.9,22.12,1.92,79.52,79.52,0.0,0.0
2001-09-01,20.96,9.63,93.45,54.14,23.96,2.31,77.2,77.2,0.0,0.0
2001-10-01,13.92,3.86,92.67,57.27,25.28,3.23,63.15,62.51,0.49,0.0
2001-11-01,7.01,-0.73,92.08,64.39,27.94,4.74,67.59,60.37,7.62,0.4
2001-12-01,0.92,-6.67,91.43,67.9,28.74,4.73,60.05,34.44,28.49,3.3
2002-01-01,-1.97,-10.24,89.92,66.42,30.42,6.02,52.01,25.32,30.26,6.8
2002-02-01,-1.04,-9.64,88.74,63.22,29.03,5.08,42.96,22.8,21.77,6.1
2002-03-01,4.2,-4.86,88.49,57.22,29.67,5.2,56.7,36.87,18.6,3.0
2002-04-01,11.62,1.1,86.27,48.28,30.32,4.62,67.77,61.72,5.62,0.3
2002-05-01,18.83,7.03,86.96,46.78,26.46,3.11,74.28,74.17,0.1,0.0
2002-06-01,23.76,11.96,88.84,49.01,24.96,2.52,73.35,73.35,0.0,0.0
2002-07-01,26.81,14.93,89.15,47.51,24.12,2.38,72.73,72.73,0.0,0.0
2002-08-01,25.73,14.21,91.94,50.69,22.2,1.93,76.48,76.48,0.0,0.0
2002-09-01,20.96,9.62,92.97,53.75,24.15,2.41,77.8,77.8,0.0,0.0
2002-10-01,13.82,3.82,92.18,56.92,25.58,3.32,65.52,64.88,0.49,0.0
2002-11-01,7.17,-0.58,91.68,64.03,27.98,4.74,68.92,62.23,7.07,0.4
2002-12-01,0.99,-6.54,91.17,67.63,28.7,4.8,58.3,33.34,27.69,3.2
2003-01-01,-1.84,-10.0,89.73,66.26,30.31,6.12,52.29,25.44,30.21,6.6
2003-02-01,-0.85,-9.39,88.21,62.73,29.17,5.14,42.25,23.58,20.17,5.8
2003-03-01,4.37,-4.71,88.09,56.63,29.87,5.2,55.51,37.29,17.77,2.5
2003-04-01,11.74,1.28,85.88,48.15,30.4,4.64,69.44,63.27,5.68,0.3
2003-05-01,18.71,7.0,86.52,46.7,26.87,3.27,75.79,75.68,0.1,0.0
2003-06-01,23.86,12.1,88.62,48.74,25.02,2.53,71.56,71.56,0.0,0.0
2003-07-01,26.94,15.1,88.81,47.09,24.22,2.49,73.54,73.54,0.0,0.0
2003-08-01,25.86,14.35,91.59,50.24,22.29,2.01,74.36,74.36,0.0,0.0
2003-09-01,21.1,9.81,92.74,53.48,24.17,2.44,76.97,76.97,0.0,0.0
2003-10-01,13.88,3.94,92.08,56.78,25.68,3.38,63.66,63.03,0.48,0.0
2003-11-01,7.25,-0.52,91.58,63.62,28.25,4.91,68.76,61.86,7.39,0.3
2003-12-01,1.03,-6.5,90.95,67.25,28.75,4.94,56.21,31.98,26.79,3.1
2004-01-01,-1.97,-10.14,89.64,65.99,30.3,6.08,52.32,24.79,31.12,6.9
2004-02-01,-0.85,-9.34,88.06,62.44,29.32,5.09,42.59,23.69,20.28,5.9
2004-03-01,4.27,-4.88,87.82,56.27,29.86,5.18,53.13,34.47,18.27,2.8
2004-04-01,11.72,1.25,85.55,47.95,30.35,4.67,69.39,61.99,6.11,0.3
2004-05-01,18.75,7.06,86.43,46.56,26.93,3.25,77.95,77.84,0.1,0.0
2004-06-01,23.83,12.12,88.36,48.59,25.11,2.63,71.42,71.42,0.0,0.0
2004-07-01,26.94,15.17,88.65,47.14,24.31,2.52,73.66,73.66,0.0,0.0
2004-08-01,25.83,14.39,91.44,50.34,22.33,2.05,75.16,75.16,0.0,0.0
2004-09-01,21.08,9.91,92.65,53.65,24.21,2.52,78.99,78.99,0.0,0.0
2004-10-01,13.82,3.9,91.99,56.61,25.74,3.42,61.15,60.52,0.48,0.0
2004-11-01,7.28,-0.47,91.6,63.56,28.15,4.9,70.36,63.32,7.54,0.3
2004-12-01,1.16,-6.35,90.89,66.8,28.65,4.92,55.7,32.22,25.91,2.9
2005-01-01,-2.09,-10.25,89.45,65.6,30.49,6.12,51.74,23.8,32.04,7.1
2005-02-01,-0.73,-9.18,87.89,62.36,29.32,5.05,41.78,23.07,20.0,6.3
2005-03-01,4.37,-4.76,87.78,56.34,29.66,5.11,53.35,34.82,18.16,2.8
2005-04-01,11.68,1.28,85.48,47.9,30.3,4.7,68.46,61.08,6.08,0.3
2005-05-01,18.84,7.19,86.38,46.63,26.75,3.24,76.57,76.47,0.1,0.0
2005-06-01,23.85,12.16,88.16,48.44,25.17,2.7,69.27,69.27,0.0,0.0
2005-07-01,26.88,15.25,88.58,47.49,24.25,2.51,75.69,75.69,0.0,0.0
2005-08-01,25.76,14.45,91.22,50.6,22.35,2.14,76.67,76.67,0.0,0.0
2005-09-01,21.19,10.1,92.47,53.8,23.96,2.53,78.28,78.28,0.0,0.0
2005-10-01,13.88,4.08,91.86,56.75,25.67,3.46,61.52,60.89,0.48,0.0
2005-11-01,7.36,-0.4,91.34,63.02,28.23,4.84,70.02,62.96,7.55,0.3
2005-12-01,1.15,-6.43,90.72,66.55,28.89,4.96,57.2,33.47,26.19,3.0
2006-01-01,-2.22,-10.36,89.3,65.44,30.38,6.13,52.37,23.7,32.61,7.2
2006-02-01,-0.71,-9.22,87.77,62.22,29.26,5.02,41.88,22.93,20.06,6.4
2006-03-01,4.4,-4.74,87.64,56.14,29.55,5.1,52.31,33.66,18.39,3.0
2006-04-01,11.85,1.44,85.16,47.68,30.07,4.57,69.39,62.38,5.72,0.3
2006-05-01,18.69,7.1,86.03,46.55,26.82,3.27,74.91,74.8,0.1,0.0
2006-06-01,23.99,12.32,87.74,48.39,25.12,2.74,68.24,68.24,0.0,0.0
2006-07-01,26.94,15.36,88.27,47.56,24.21,2.56,74.66,74.66,0.0,0.0
2006-08-01,25.82,14.57,91.03,50.61,22.3,2.21,77.57,77.57,0.0,0.0
2006-09-01,21.39,10.29,92.27,53.51,24.09,2.58,78.75,78.75,0.0,0.0
2006-10-01,13.89,4.19,91.8,56.85,25.71,3.55,61.27,60.63,0.48,0.0
2006-11-01,7.3,-0.44,91.19,62.91,28.45,4.98,71.6,64.24,7.88,0.4
2006-12-01,1.13,-6.32,90.63,66.42,29.07,5.08,56.83,33.22,25.55,2.9
2007-01-01,-1.95,-9.94,89.35,65.43,30.36,6.14,53.1,25.52,31.28,6.4
2007-02-01,-0.77,-9.21,87.59,62.05,29.34,5.05,42.4,22.96,20.55,6.1
2007-03-01,4.43,-4.69,87.18,55.61,29.42,5.21,50.06,33.08,17.51,2.9
2007-04-01,11.85,1.48,84.94,47.65,30.04,4.55,69.07,62.87,5.21,0.2
2007-05-01,18.81,7.24,85.83,46.39,26.78,3.23,73.82,73.79,0.02,0.0
2007-06-01,23.99,12.4,87.39,48.34,25.25,2.85,66.98,66.98,0.0,0.0
2007-07-01,27.08,15.54,88.07,47.46,24.38,2.57,75.44,75.44,0.0,0.0
2007-08-01,25.86,14.7,90.83,50.59,22.48,2.28,76.74,76.74,0.0,0.0
2007-09-01,21.37,10.39,92.26,53.79,24.19,2.67,79.01,79.01,0.0,0.0
2007-10-01,13.96,4.29,91.75,56.89,25.81,3.62,63.13,62.67,0.34,0.0
2007-11-01,7.45,-0.25,91.26,63.21,28.2,4.92,73.59,66.38,7.69,0.4
2007-12-01,1.39,-5.96,90.5,66.27,29.15,5.23,57.71,34.82,24.33,2.8
2008-01-01,-1.68,-9.62,89.36,65.3,30.39,6.08,53.16,26.3,30.16,6.0
2008-02-01,-0.85,-9.29,87.44,61.75,29.51,5.23,42.34,22.28,21.22,6.2
2008-03-01,4.36,-4.74,87.0,55.46,29.44,5.24,48.77,31.81,17.38,2.9
2008-04-01,11.75,1.5,84.9,47.85,30.2,4.67,68.75,62.5,5.26,0.2
2008-05-01,18.76,7.28,85.6,46.64,26.74,3.19,75.33,75.3,0.02,0.0
2008-06-01,24.12,12.54,87.06,48.29,25.31,2.87,64.95,64.95,0.0,0.0
2008-07-01,27.1,15.57,87.84,47.17,24.45,2.6,73.07,73.07,0.0,0.0
2008-08-01,26.01,14.85,90.5,50.2,22.68,2.37,73.99,73.99,0.0,0.0
2008-09-01,21.54,10.44,91.91,53.05,24.39,2.63,74.82,74.82,0.0,0.0
2008-10-01,14.16,4.5,91.57,56.8,25.95,3.58,62.19,61.73,0.34,0.0
2008-11-01,7.42,-0.32,91.06,62.82,28.25,4.9,73.65,66.24,7.84,0.4
2008-12-01,1.44,-5.86,90.27,66.04,29.18,5.16,57.39,34.78,23.85,2.7
2009-01-01,-1.48,-9.39,89.26,65.09,30.43,5.96,52.79,26.47,29.23,5.7
2009-02-01,-0.71,-9.12,87.33,61.71,29.77,5.22,45.63,23.3,23.26,6.4
2009-03-01,4.41,-4.65,86.65,55.02,29.59,5.26,49.5,31.53,18.34,3.1
2009-04-01,11.95,1.67,84.46,47.49,30.12,4.58,68.44,62.23,5.22,0.2
2009-05-01,18.69,7.25,85.21,46.38,26.9,3.21,75.35,75.32,0.02,0.0
2009-06-01,24.14,12.71,86.89,48.61,25.4,2.85,67.79,67.79,0.0,0.0
2009-07-01,27.08,15.67,87.59,47.48,24.51,2.59,78.09,78.09,0.0,0.0
2009-08-01,25.95,14.9,90.23,50.35,22.85,2.44,74.96,74.96,0.0,0.0
2009-09-01,21.59,10.55,91.65,53.16,24.43,2.64,73.13,73.13,0.0,0.0
2009-10-01,14.17,4.54,91.25,56.63,26.09,3.68,61.64,61.18,0.34,0.0
2009-11-01,7.39,-0.28,90.85,62.78,28.29,4.92,74.55,67.09,7.89,0.4
2009-12-01,1.44,-5.89,89.98,65.65,29.37,5.21,58.68,34.77,25.29,2.9
2010-01-01,-1.49,-9.45,88.86,64.64,30.36,5.88,51.95,25.43,29.39,6.1
2010-02-01,-0.46,-8.89,87.07,61.49,29.84,5.25,46.96,24.5,23.16,6.5
2010-03-01,4.39,-4.68,86.04,54.49,29.79,5.29,50.19,32.28,18.26,3.1
2010-04-01,12.04,1.74,83.85,47.04,30.39,4.67,69.94,64.48,4.49,0.2
2010-05-01,18.75,7.3,84.55,46.03,27.22,3.25,74.07,74.04,0.02,0.0
2010-06-01,24.1,12.78,86.67,48.73,25.35,2.79,67.74,67.74,0.0,0.0
2010-07-01,26.99,15.67,87.46,47.67,24.62,2.65,78.65,78.65,0.0,0.0
2010-08-01,25.99,15.0,90.06,50.41,22.97,2.5,77.28,77.28,0.0,0.0
2010-09-01,21.6,10.67,91.55,53.19,24.43,2.69,72.98,72.98,0.0,0.0
2010-10-01,14.18,4.55,91.14,56.49,26.16,3.72,61.2,60.74,0.34,0.0
2010-11-01,7.47,-0.22,90.79,62.55,28.11,4.93,72.41,65.01,7.86,0.4
2010-12-01,1.38,-5.91,89.88,65.39,29.33,5.23,57.99,33.99,24.95,2.8
2011-01-01,-1.51,-9.44,88.78,64.7,30.41,5.96,51.51,24.97,29.39,6.1
2011-02-01,-0.35,-8.7,87.05,61.55,29.93,5.32,47.25,24.3,23.61,6.6
2011-03-01,4.62,-4.49,85.6,53.96,29.66,5.41,49.52,32.56,17.28,3.1
2011-04-01,12.21,1.87,83.28,46.45,30.34,4.69,67.42,61.96,4.48,0.2
2011-05-01,18.79,7.41,84.55,46.1,27.3,3.26,74.15,74.12,0.02,0.0
2011-06-01,24.19,12.95,86.71,48.83,25.35,2.82,71.15,71.15,0.0,0.0
2011-07-01,27.06,15.79,87.28,47.66,24.73,2.72,75.56,75.56,0.0,0.0
2011-08-01,26.01,15.05,89.93,50.43,23.12,2.55,77.99,77.99,0.0,0.0
2011-09-01,21.61,10.75,91.53,53.29,24.56,2.81,74.15,74.15,0.0,0.0
2011-10-01,14.31,4.64,91.15,56.35,26.22,3.8,60.15,59.67,0.36,0.0
2011-11-01,7.58,-0.17,90.83,62.42,28.01,4.9,73.44,66.33,7.5,0.3
2011-12-01,1.4,-5.75,89.7,65.32,29.37,5.47,57.06,33.74,24.21,2.7
2012-01-01,-1.43,-9.31,88.67,64.48,30.58,6.06,52.51,25.35,30.35,6.1
2012-02-01,-0.45,-8.82,86.76,61.15,30.0,5.42,46.61,23.25,24.46,6.8
2012-03-01,4.58,-4.48,85.43,53.89,29.75,5.53,51.97,34.24,18.01,3.1
2012-04-01,12.16,1.88,83.29,46.71,30.41,4.74,68.98,63.43,4.57,0.2
2012-05-01,18.8,7.55,84.71,46.57,27.37,3.29,76.95,76.91,0.02,0.0
2012-06-01,24.22,13.04,86.45,48.81,25.4,2.98,71.07,71.07,0.0,0.0
2012-07-01,27.17,15.93,86.98,47.41,24.88,2.79,74.42,74.42,0.0,0.0
2012-08-01,26.1,15.13,89.68,50.2,23.35,2.59,76.12,76.12,0.0,0.0
2012-09-01,21.72,10.87,91.39,53.24,24.57,2.87,73.54,73.54,0.0,0.0
2012-10-01,14.44,4.77,91.01,56.15,26.25,3.85,59.62,59.44,0.15,0.0
2012-11-01,7.69,-0.06,90.67,62.3,28.29,4.98,74.78,67.67,7.5,0.3
2012-12-01,1.53,-5.64,89.6,65.17,29.53,5.58,57.66,34.9,23.79,2.6
2013-01-01,-1.2,-8.98,88.61,64.37,30.48,5.99,52.51,25.93,29.43,5.9
2013-02-01,-0.24,-8.55,86.57,60.8,30.1,5.43,46.56,23.67,23.97,6.0
2013-03-01,4.92,-4.24,85.21,53.44,29.71,5.52,50.41,33.37,17.27,2.8
2013-04-01,12.23,1.98,83.07,46.49,30.31,4.75,69.0,63.51,4.48,0.2
2013-05-01,18.87,7.64,84.42,46.42,27.47,3.3,76.92,76.89,0.02,0.0
2013-06-01,24.42,13.21,86.07,48.41,25.59,3.09,69.87,69.87,0.0,0.0
2013-07-01,27.26,16.07,86.64,47.29,24.94,2.83,76.72,76.72,0.0,0.0
2013-08-01,26.22,15.29,89.42,50.15,23.28,2.64,73.86,73.86,0.0,0.0
2013-09-01,21.77,10.92,91.11,52.93,24.64,2.91,73.28,73.28,0.0,0.0
2013-10-01,14.41,4.84,90.94,56.22,26.41,3.97,62.39,62.21,0.15,0.0
2013-11-01,7.68,-0.08,90.38,61.91,28.21,5.02,71.96,64.88,7.47,0.3
2013-12-01,1.51,-5.62,89.43,64.94,29.5,5.65,56.91,34.44,23.32,2.5
2014-01-01,-1.13,-8.92,88.48,64.16,30.68,5.98,53.6,27.02,29.47,5.9
2014-02-01,-0.3,-8.59,86.48,60.75,30.34,5.49,48.27,23.31,25.89,6.1
2014-03-01,4.9,-4.25,84.98,53.15,29.76,5.61,48.55,31.86,16.97,2.8
2014-04-01,12.26,1.98,82.83,46.39,30.34,4.82,69.9,64.2,4.49,0.2
2014-05-01,19.05,7.8,84.17,46.14,27.43,3.31,76.15,76.09,0.03,0.0
2014-06-01,24.36,13.3,86.06,48.76,25.76,3.24,72.12,72.12,0.0,0.0
2014-07-01,27.19,16.14,86.58,47.63,24.99,2.92,82.17,82.17,0.0,0.0
2014-08-01,26.19,15.31,89.12,50.07,23.48,2.73,72.43,72.43,0.0,0.0
2014-09-01,21.69,10.95,90.97,53.1,24.72,3.01,73.75,73.75,0.0,0.0
2014-10-01,14.47,4.91,90.82,56.04,26.43,4.01,61.85,61.67,0.15,0.0
2014-11-01,7.65,-0.12,90.0,61.39,28.44,5.11,70.19,63.29,7.23,0.4
2014-12-01,1.57,-5.53,89.31,64.73,29.44,5.64,56.37,34.33,23.09,2.6
2015-01-01,-1.11,-8.87,88.25,63.89,30.91,6.14,54.14,27.43,29.43,5.8
2015-02-01,-0.53,-8.81,86.09,60.36,30.56,5.63,48.12,22.57,26.4,6.4
2015-03-01,4.92,-4.25,84.57,52.75,29.86,5.68,47.47,30.94,17.14,2.7
2015-04-01,12.23,1.94,82.63,46.26,30.52,4.88,71.0,65.26,4.53,0.2
2015-05-01,19.18,7.93,83.88,45.97,27.39,3.41,74.59,74.54,0.03,0.0
2015-06-01,24.39,13.38,85.81,48.77,25.78,3.33,73.75,73.75,0.0,0.0
2015-07-01,27.17,16.18,86.36,47.57,25.18,3.07,82.92,82.92,0.0,0.0
2015-08-01,26.12,15.33,88.89,50.17,23.62,2.86,71.59,71.59,0.0,0.0
2015-09-01,21.78,11.05,90.78,53.11,24.84,3.07,74.69,74.69,0.0,0.0
2015-10-01,14.46,4.95,90.65,56.01,26.75,4.17,62.83,62.6,0.2,0.0
2015-11-01,7.59,-0.12,89.72,61.24,28.75,5.25,69.32,61.97,7.69,0.4
2015-12-01,1.53,-5.47,89.07,64.54,29.36,5.71,55.47,33.46,23.14,2.7
2016-01-01,-1.06,-8.86,87.97,63.42,30.91,6.21,52.64,27.56,28.1,5.5
2016-02-01,-0.75,-9.05,85.69,59.89,30.44,5.7,46.39,21.35,26.33,6.5
2016-03-01,4.84,-4.31,84.26,52.58,29.82,5.66,45.33,29.73,16.36,2.9
2016-04-01,12.23,1.95,82.46,46.01,30.54,4.97,72.52,66.92,4.41,0.3
2016-05-01,19.27,8.03,83.57,45.93,27.4,3.45,74.16,74.1,0.03,0.0
2016-06-01,24.42,13.51,85.8,48.99,25.68,3.32,77.85,77.85,0.0,0.0
2016-07-01,27.23,16.26,85.99,47.41,25.21,3.13,80.69,80.69,0.0,0.0
2016-08-01,26.14,15.4,88.7,50.19,23.65,2.94,68.56,68.56,0.0,0.0
2016-09-01,21.84,11.16,90.53,53.07,24.77,3.13,74.83,74.83,0.0,0.0
2016-10-01,14.46,4.98,90.37,55.88,26.84,4.26,63.34,63.11,0.2,0.0
2016-11-01,7.76,-0.08,89.44,60.75,28.73,5.19,65.1,58.14,7.36,0.4
2016-12-01,1.82,-5.19,88.99,64.39,29.29,5.61,55.79,34.42,22.41,2.5
2017-01-01,-1.0,-8.8,87.76,63.06,30.81,6.23,53.03,28.01,27.83,5.4
2017-02-01,-0.58,-8.96,85.38,59.21,30.68,5.82,46.84,21.86,26.25,6.2
2017-03-01,4.88,-4.21,84.09,52.33,29.74,5.64,46.37,30.69,16.31,2.9
2017-04-01,12.13,1.88,82.04,45.73,30.55,5.0,72.72,66.42,5.02,0.4
2017-05-01,19.28,8.04,83.26,45.55,27.48,3.47,72.79,72.74,0.03,0.0
2017-06-01,24.53,13.64,85.18,48.45,25.85,3.42,76.48,76.48,0.0,0.0
2017-07-01,27.32,16.34,85.62,47.03,25.38,3.23,77.94,77.94,0.0,0.0
2017-08-01,26.32,15.61,88.38,49.87,23.81,3.01,65.92,65.92,0.0,0.0
2017-09-01,22.02,11.3,90.16,52.57,24.89,3.24,69.97,69.97,0.0,0.0
2017-10-01,14.53,5.12,90.22,55.9,27.01,4.4,62.87,62.64,0.2,0.0
2017-11-01,7.94,0.08,89.4,60.71,28.72,5.25,65.46,59.02,6.92,0.4
2017-12-01,1.81,-5.2,88.9,64.1,29.53,5.74,56.13,33.72,23.45,2.8
2018-01-01,-0.93,-8.67,87.6,62.88,30.92,6.33,53.47,29.97,26.22,5.1
2018-02-01,-0.44,-8.73,85.31,59.16,30.9,5.88,48.27,23.01,26.61,6.1
2018-03-01,4.74,-4.23,83.86,52.22,30.03,5.76,47.15,31.53,16.06,2.9
2018-04-01,12.14,1.91,81.82,45.65,30.64,5.06,74.75,68.6,4.92,0.3
2018-05-01,19.14,8.05,83.3,45.77,27.61,3.58,76.56,76.5,0.03,0.0
2018-06-01,24.48,13.67,85.07,48.6,25.96,3.52,77.44,77.44,0.0,0.0
2018-07-01,27.28,16.33,85.45,46.99,25.44,3.34,75.59,75.59,0.0,0.0
2018-08-01,26.31,15.65,88.23,49.96,23.9,3.13,66.67,66.67,0.0,0.0
2018-09-01,22.14,11.4,89.82,52.18,24.97,3.3,67.36,67.36,0.0,0.0
2018-10-01,14.74,5.33,89.96,55.77,27.14,4.5,63.19,63.0,0.17,0.0
2018-11-01,7.93,0.11,89.09,60.39,28.85,5.32,64.68,58.38,6.77,0.4
2018-12-01,1.67,-5.39,88.5,63.6,29.52,5.8,55.9,32.94,24.33,3.0
2019-01-01,-0.97,-8.7,87.36,62.89,30.89,6.27,54.82,30.77,26.77,5.3
2019-02-01,-0.3,-8.55,85.15,58.98,30.89,5.79,48.3,23.84,25.84,6.0
2019-03-01,4.75,-4.18,83.55,51.85,30.13,5.9,47.45,31.71,16.27,2.9
2019-04-01,12.05,1.84,81.52,45.38,30.74,5.15,77.93,70.26,5.26,0.4
2019-05-01,19.23,8.16,83.05,45.65,27.68,3.61,77.42,77.36,0.03,0.0
2019-06-01,24.47,13.81,85.15,48.99,26.0,3.49,78.28,78.28,0.0,0.0
2019-07-01,27.25,16.39,85.28,47.16,25.62,3.43,74.06,74.06,0.0,0.0
2019-08-01,26.32,15.76,88.11,50.24,23.99,3.2,69.37,69.37,0.0,0.0
2019-09-01,22.22,11.55,89.67,52.34,24.99,3.34,66.68,66.68,0.0,0.0
2019-10-01,14.78,5.4,89.74,55.8,27.17,4.51,63.27,62.97,0.25,0.0
2019-11-01,7.81,0.03,88.93,60.25,28.82,5.33,66.25,59.25,7.29,0.4
2019-12-01,1.72,-5.26,88.37,63.63,29.35,5.78,56.58,33.9,23.99,3.0
2020-01-01,-1.1,-8.86,87.06,62.76,30.85,6.39,56.21,30.64,28.51,5.5
2020-02-01,-0.23,-8.47,85.08,59.15,30.94,5.86,50.2,24.98,26.54,6.2
2020-03-01,4.77,-4.14,83.07,51.6,30.27,5.97,48.34,33.03,15.98,3.0
2020-04-01,12.06,1.91,81.31,45.51,30.85,5.25,79.67,72.12,5.08,0.4
2020-05-01,19.16,8.15,83.08,45.85,27.8,3.68,78.03,78.01,0.01,0.0
2020-06-01,24.46,13.8,84.87,48.66,26.25,3.6,78.74,78.74,0.0,0.0
2020-07-01,27.28,16.49,85.22,47.38,25.86,3.56,75.19,75.19,0.0,0.0
2020-08-01,26.35,15.84,87.87,50.08,24.44,3.37,69.53,69.53,0.0,0.0
2020-09-01,22.25,11.65,89.57,52.36,25.19,3.48,66.75,66.75,0.0,0.0
2020-10-01,14.77,5.46,89.65,55.83,27.35,4.61,65.27,64.98,0.25,0.0
2020-11-01,7.74,0.03,88.91,60.23,28.63,5.43,64.99,57.41,7.77,0.6
2020-12-01,1.99,-4.91,88.35,63.72,29.48,5.88,58.16,35.2,23.94,2.9
