Date,rsds
1990-01-01,732
1990-01-02,687
1990-01-03,666
1990-01-04,94
1990-01-05,476
1990-01-06,541
1990-01-07,261
1990-01-08,799
1990-01-09,231
1990-01-10,187
1990-01-11,266
1990-01-12,372
1990-01-13,847
1990-01-14,271
1990-01-15,667
1990-01-16,384
1990-01-17,108
1990-01-18,155
1990-01-19,408
1990-01-20,288
1990-01-21,247
1990-01-22,228
1990-01-23,666
1990-01-24,190
1990-01-25,230
1990-01-26,263
1990-01-27,1084
1990-01-28,914
1990-01-29,124
1990-01-30,902
1990-01-31,759
1990-02-01,255
1990-02-02,275
1990-02-03,151
1990-02-04,1062
1990-02-05,634
1990-02-06,996
1990-02-07,1033
1990-02-08,931
1990-02-09,549
1990-02-10,1118
1990-02-11,983
1990-02-12,807
1990-02-13,460
1990-02-14,738
1990-02-15,167
1990-02-16,172
1990-02-17,1549
1990-02-18,1318
1990-02-19,1022
1990-02-20,1393
1990-02-21,1403
1990-02-22,160
1990-02-23,448
1990-02-24,622
1990-02-25,1620
1990-02-26,1263
1990-02-27,515
1990-02-28,1147
1990-03-01,-32768
1990-03-02,-32768
1990-03-03,1425
1990-03-04,1041
1990-03-05,1662
1990-03-06,1777
1990-03-07,1788
1990-03-08,1807
1990-03-09,294
1990-03-10,447
1990-03-11,850
1990-03-12,666
1990-03-13,1550
1990-03-14,1252
1990-03-15,1102
1990-03-16,357
1990-03-17,961
1990-03-18,954
1990-03-19,418
1990-03-20,1422
1990-03-21,1994
1990-03-22,704
1990-03-23,1542
1990-03-24,1351
1990-03-25,2104
1990-03-26,2026
1990-03-27,1358
1990-03-28,2007
1990-03-29,1379
1990-03-30,145
1990-03-31,476
1990-04-01,474
1990-04-02,253
1990-04-03,634
1990-04-04,340
1990-04-05,978
1990-04-06,1679
1990-04-07,1519
1990-04-08,1998
1990-04-09,1108
1990-04-10,237
1990-04-11,2106
1990-04-12,1230
1990-04-13,1463
1990-04-14,276
1990-04-15,1498
1990-04-16,2440
1990-04-17,1469
1990-04-18,2037
1990-04-19,2465
1990-04-20,400
1990-04-21,1131
1990-04-22,2461
1990-04-23,2482
1990-04-24,2341
1990-04-25,2258
1990-04-26,2454
1990-04-27,2244
1990-04-28,2243
1990-04-29,2130
1990-04-30,2347
1990-05-01,2476
1990-05-02,2581
1990-05-03,2388
1990-05-04,899
1990-05-05,1320
1990-05-06,2187
1990-05-07,1491
1990-05-08,2514
1990-05-09,1884
1990-05-10,1241
1990-05-11,1818
1990-05-12,1153
1990-05-13,770
1990-05-14,2636
1990-05-15,2138
1990-05-16,150
1990-05-17,744
1990-05-18,1184
1990-05-19,2309
1990-05-20,241
1990-05-21,884
1990-05-22,1898
1990-05-23,-32768
1990-05-24,-32768
1990-05-25,2892
1990-05-26,2588
1990-05-27,2045
1990-05-28,2649
1990-05-29,913
1990-05-30,2985
1990-05-31,3015
1990-06-01,2860
1990-06-02,2041
1990-06-03,2569
1990-06-04,2519
1990-06-05,2763
1990-06-06,2284
1990-06-07,3062
1990-06-08,375
1990-06-09,2529
1990-06-10,1606
1990-06-11,2616
1990-06-12,2303
1990-06-13,2158
1990-06-14,1755
1990-06-15,3031
1990-06-16,2852
1990-06-17,1766
1990-06-18,2163
1990-06-19,2642
1990-06-20,2233
1990-06-21,2020
1990-06-22,1517
1990-06-23,728
1990-06-24,828
1990-06-25,2964
1990-06-26,2696
1990-06-27,2140
1990-06-28,2791
1990-06-29,1265
1990-06-30,1941
1990-07-01,2146
1990-07-02,2853
1990-07-03,2397
1990-07-04,2641
1990-07-05,2111
1990-07-06,2753
1990-07-07,2936
1990-07-08,1874
1990-07-09,2799
1990-07-10,2703
1990-07-11,2220
1990-07-12,1946
1990-07-13,2478
1990-07-14,818
1990-07-15,896
1990-07-16,1788
1990-07-17,2252
1990-07-18,2265
1990-07-19,2487
1990-07-20,884
1990-07-21,1911
1990-07-22,652
1990-07-23,1556
1990-07-24,2801
1990-07-25,2824
1990-07-26,2810
1990-07-27,2575
1990-07-28,2742
1990-07-29,2519
1990-07-30,1401
1990-07-31,2687
1990-08-01,2713
1990-08-02,2761
1990-08-03,2403
1990-08-04,1935
1990-08-05,683
1990-08-06,1759
1990-08-07,1691
1990-08-08,2635
1990-08-09,2414
1990-08-10,2643
1990-08-11,1953
1990-08-12,1725
1990-08-13,658
1990-08-14,2152
1990-08-15,2029
1990-08-16,2278
1990-08-17,2209
1990-08-18,926
1990-08-19,1013
1990-08-20,1081
1990-08-21,2021
1990-08-22,945
1990-08-23,2516
1990-08-24,1964
1990-08-25,2278
1990-08-26,2085
1990-08-27,2443
1990-08-28,959
1990-08-29,2189
1990-08-30,2422
1990-08-31,2335
1990-09-01,1310
1990-09-02,2052
1990-09-03,2370
1990-09-04,1211
1990-09-05,790
1990-09-06,695
1990-09-07,1689
1990-09-08,2167
1990-09-09,571
1990-09-10,1288
1990-09-11,1470
1990-09-12,2198
1990-09-13,1948
1990-09-14,478
1990-09-15,1027
1990-09-16,1514
1990-09-17,1800
1990-09-18,2073
1990-09-19,179
1990-09-20,1299
1990-09-21,1005
1990-09-22,1266
1990-09-23,884
1990-09-24,1544
1990-09-25,976
1990-09-26,1481
1990-09-27,1569
1990-09-28,1515
1990-09-29,303
1990-09-30,714
1990-10-01,1062
1990-10-02,1559
1990-10-03,1320
1990-10-04,999
1990-10-05,1587
1990-10-06,1679
1990-10-07,1030
1990-10-08,184
1990-10-09,208
1990-10-10,207
1990-10-11,1005
1990-10-12,260
1990-10-13,443
1990-10-14,1528
1990-10-15,1229
1990-10-16,1519
1990-10-17,1100
1990-10-18,401
1990-10-19,1173
1990-10-20,1304
1990-10-21,1316
1990-10-22,622
1990-10-23,497
1990-10-24,833
1990-10-25,750
1990-10-26,1261
1990-10-27,881
1990-10-28,307
1990-10-29,1284
1990-10-30,986
1990-10-31,1154
1990-11-01,1038
1990-11-02,649
1990-11-03,948
1990-11-04,136
1990-11-05,104
1990-11-06,652
1990-11-07,218
1990-11-08,1054
1990-11-09,424
1990-11-10,628
1990-11-11,294
1990-11-12,861
1990-11-13,658
1990-11-14,952
1990-11-15,958
1990-11-16,484
1990-11-17,1041
1990-11-18,993
1990-11-19,909
1990-11-20,528
1990-11-21,336
1990-11-22,59
1990-11-23,665
1990-11-24,120
1990-11-25,351
1990-11-26,902
1990-11-27,248
1990-11-28,208
1990-11-29,442
1990-11-30,903
1990-12-01,479
1990-12-02,894
1990-12-03,50
1990-12-04,164
1990-12-05,410
1990-12-06,177
1990-12-07,751
1990-12-08,672
1990-12-09,734
1990-12-10,687
1990-12-11,210
1990-12-12,690
1990-12-13,335
1990-12-14,648
1990-12-15,73
1990-12-16,182
1990-12-17,246
1990-12-18,60
1990-12-19,536
1990-12-20,492
1990-12-21,85
1990-12-22,221
1990-12-23,211
1990-12-24,485
1990-12-25,212
1990-12-26,771
1990-12-27,574
1990-12-28,103
1990-12-29,53
1990-12-30,91
1990-12-31,579
1991-01-01,-32768
1991-01-02,372
1991-01-03,670
1991-01-04,772
1991-01-05,151
1991-01-06,260
1991-01-07,825
1991-01-08,365
1991-01-09,123
1991-01-10,760
1991-01-11,118
1991-01-12,173
1991-01-13,800
1991-01-14,73
1991-01-15,221
1991-01-16,114
1991-01-17,496
1991-01-18,392
1991-01-19,393
1991-01-20,914
1991-01-21,539
1991-01-22,671
1991-01-23,900
1991-01-24,132
1991-01-25,657
1991-01-26,913
1991-01-27,711
1991-01-28,707
1991-01-29,1093
1991-01-30,308
1991-01-31,641
1991-02-01,971
1991-02-02,1156
1991-02-03,1188
1991-02-04,1021
1991-02-05,910
1991-02-06,684
1991-02-07,502
1991-02-08,987
1991-02-09,1213
1991-02-10,1084
1991-02-11,967
1991-02-12,704
1991-02-13,601
1991-02-14,285
1991-02-15,692
1991-02-16,1168
1991-02-17,1204
1991-02-18,533
1991-02-19,118
1991-02-20,457
1991-02-21,1063
1991-02-22,951
1991-02-23,1555
1991-02-24,1171
1991-02-25,746
1991-02-26,1071
1991-02-27,1261
1991-02-28,674
1991-03-01,1038
1991-03-02,577
1991-03-03,211
1991-03-04,523
1991-03-05,1716
1991-03-06,309
1991-03-07,942
1991-03-08,1732
1991-03-09,1050
1991-03-10,1765
1991-03-11,1850
1991-03-12,1870
1991-03-13,1891
1991-03-14,1839
1991-03-15,871
1991-03-16,1952
1991-03-17,1602
1991-03-18,356
1991-03-19,1212
1991-03-20,1977
1991-03-21,1126
1991-03-22,586
1991-03-23,723
1991-03-24,613
1991-03-25,623
1991-03-26,1300
1991-03-27,298
1991-03-28,1266
1991-03-29,1121
1991-03-30,2220
1991-03-31,2186
1991-04-01,590
1991-04-02,745
1991-04-03,2284
1991-04-04,1998
1991-04-05,867
1991-04-06,629
1991-04-07,2326
1991-04-08,620
1991-04-09,896
1991-04-10,844
1991-04-11,2448
1991-04-12,2394
1991-04-13,285
1991-04-14,1094
1991-04-15,369
1991-04-16,2035
1991-04-17,837
1991-04-18,1386
1991-04-19,1508
1991-04-20,233
1991-04-21,639
1991-04-22,814
1991-04-23,2194
1991-04-24,1410
1991-04-25,2644
1991-04-26,1836
1991-04-27,2602
1991-04-28,1168
1991-04-29,1736
1991-04-30,2439
1991-05-01,1253
1991-05-02,678
1991-05-03,2347
1991-05-04,2756
1991-05-05,2592
1991-05-06,1787
1991-05-07,1050
1991-05-08,2380
1991-05-09,1197
1991-05-10,2826
1991-05-11,2641
1991-05-12,2222
1991-05-13,2366
1991-05-14,2403
1991-05-15,2759
1991-05-16,1935
1991-05-17,536
1991-05-18,2679
1991-05-19,2917
1991-05-20,2941
1991-05-21,2883
1991-05-22,2937
1991-05-23,2774
1991-05-24,1454
1991-05-25,1694
1991-05-26,435
1991-05-27,1684
1991-05-28,2980
1991-05-29,2052
1991-05-30,1864
1991-05-31,2169
1991-06-01,2898
1991-06-02,2730
1991-06-03,1701
1991-06-04,1870
1991-06-05,2132
1991-06-06,3055
1991-06-07,3045
1991-06-08,2589
1991-06-09,-32768
1991-06-10,-32768
1991-06-11,862
1991-06-12,2467
1991-06-13,3092
1991-06-14,3034
1991-06-15,2344
1991-06-16,2200
1991-06-17,2905
1991-06-18,2559
1991-06-19,2875
1991-06-20,3016
1991-06-21,2865
1991-06-22,1420
1991-06-23,3059
1991-06-24,2984
1991-06-25,3034
1991-06-26,2716
1991-06-27,2597
1991-06-28,2797
1991-06-29,1748
1991-06-30,2523
1991-07-01,2702
1991-07-02,2486
1991-07-03,2197
1991-07-04,1656
1991-07-05,1065
1991-07-06,2812
1991-07-07,2350
1991-07-08,2613
1991-07-09,2811
1991-07-10,2186
1991-07-11,2179
1991-07-12,2490
1991-07-13,884
1991-07-14,2870
1991-07-15,2861
1991-07-16,2837
1991-07-17,2146
1991-07-18,2270
1991-07-19,2324
1991-07-20,2434
1991-07-21,1526
1991-07-22,1485
1991-07-23,2760
1991-07-24,2724
1991-07-25,2103
1991-07-26,2475
1991-07-27,2638
1991-07-28,2469
1991-07-29,746
1991-07-30,1997
1991-07-31,2583
1991-08-01,2649
1991-08-02,1658
1991-08-03,539
1991-08-04,2057
1991-08-05,2486
1991-08-06,2687
1991-08-07,2638
1991-08-08,1509
1991-08-09,1267
1991-08-10,1878
1991-08-11,2653
1991-08-12,2485
1991-08-13,2626
1991-08-14,1902
1991-08-15,1843
1991-08-16,1618
1991-08-17,1381
1991-08-18,2210
1991-08-19,2287
1991-08-20,1297
1991-08-21,1059
1991-08-22,1952
1991-08-23,2081
1991-08-24,1853
1991-08-25,2357
1991-08-26,2089
1991-08-27,2075
1991-08-28,1965
1991-08-29,1893
1991-08-30,1970
1991-08-31,2388
1991-09-01,2394
1991-09-02,2365
1991-09-03,2126
1991-09-04,2070
1991-09-05,2197
1991-09-06,2013
1991-09-07,1569
1991-09-08,1933
1991-09-09,1123
1991-09-10,1144
1991-09-11,1882
1991-09-12,2143
1991-09-13,1422
1991-09-14,1666
1991-09-15,1499
1991-09-16,1707
1991-09-17,1476
1991-09-18,913
1991-09-19,1529
1991-09-20,1212
1991-09-21,2105
1991-09-22,1630
1991-09-23,1587
1991-09-24,1236
1991-09-25,1580
1991-09-26,1031
1991-09-27,1207
1991-09-28,873
1991-09-29,1544
1991-09-30,1238
1991-10-01,1058
1991-10-02,1403
1991-10-03,825
1991-10-04,139
1991-10-05,677
1991-10-06,937
1991-10-07,1220
1991-10-08,1404
1991-10-09,1090
1991-10-10,1126
1991-10-11,399
1991-10-12,648
1991-10-13,1047
1991-10-14,940
1991-10-15,536
1991-10-16,1436
1991-10-17,1427
1991-10-18,1278
1991-10-19,554
1991-10-20,1275
1991-10-21,679
1991-10-22,1209
1991-10-23,1162
1991-10-24,543
1991-10-25,374
1991-10-26,674
1991-10-27,592
1991-10-28,865
1991-10-29,948
1991-10-30,1203
1991-10-31,764
1991-11-01,196
1991-11-02,158
1991-11-03,1119
1991-11-04,1066
1991-11-05,506
1991-11-06,188
1991-11-07,410
1991-11-08,787
1991-11-09,1087
1991-11-10,954
1991-11-11,334
1991-11-12,174
1991-11-13,205
1991-11-14,345
1991-11-15,156
1991-11-16,605
1991-11-17,970
1991-11-18,320
1991-11-19,294
1991-11-20,121
1991-11-21,566
1991-11-22,381
1991-11-23,182
1991-11-24,240
1991-11-25,665
1991-11-26,308
1991-11-27,333
1991-11-28,363
1991-11-29,77
1991-11-30,473
1991-12-01,395
1991-12-02,425
1991-12-03,198
1991-12-04,560
1991-12-05,444
1991-12-06,660
1991-12-07,113
1991-12-08,137
1991-12-09,255
1991-12-10,427
1991-12-11,684
1991-12-12,229
1991-12-13,306
1991-12-14,95
1991-12-15,382
1991-12-16,529
1991-12-17,141
1991-12-18,765
1991-12-19,709
1991-12-20,391
1991-12-21,258
1991-12-22,708
1991-12-23,203
1991-12-24,373
1991-12-25,746
1991-12-26,341
1991-12-27,651
1991-12-28,505
1991-12-29,102
1991-12-30,768
1991-12-31,629
1992-01-01,230
1992-01-02,228
1992-01-03,278
1992-01-04,374
1992-01-05,697
1992-01-06,198
1992-01-07,199
1992-01-08,451
1992-01-09,94
1992-01-10,409
1992-01-11,143
1992-01-12,557
1992-01-13,125
1992-01-14,57
1992-01-15,608
1992-01-16,692
1992-01-17,444
1992-01-18,729
1992-01-19,844
1992-01-20,913
1992-01-21,165
1992-01-22,436
1992-01-23,55
1992-01-24,562
1992-01-25,683
1992-01-26,998
1992-01-27,479
1992-01-28,531
1992-01-29,595
1992-01-30,141
1992-01-31,297
1992-02-01,1066
1992-02-02,341
1992-02-03,1022
1992-02-04,263
1992-02-05,1104
1992-02-06,1039
1992-02-07,476
1992-02-08,858
1992-02-09,1202
1992-02-10,674
1992-02-11,582
1992-02-12,1225
1992-02-13,560
1992-02-14,278
1992-02-15,87
1992-02-16,469
1992-02-17,392
1992-02-18,270
1992-02-19,243
1992-02-20,844
1992-02-21,1227
1992-02-22,577
1992-02-23,617
1992-02-24,391
1992-02-25,106
1992-02-26,388
1992-02-27,571
1992-02-28,166
1992-02-29,1546
1992-03-01,268
1992-03-02,418
1992-03-03,1573
1992-03-04,1627
1992-03-05,994
1992-03-06,534
1992-03-07,535
1992-03-08,-32768
1992-03-09,-32768
1992-03-10,-32768
1992-03-11,-32768
1992-03-12,-32768
1992-03-13,-32768
1992-03-14,-32768
1992-03-15,-32768
1992-03-16,-32768
1992-03-17,-32768
1992-03-18,-32768
1992-03-19,-32768
1992-03-20,-32768
1992-03-21,-32768
1992-03-22,-32768
1992-03-23,-32768
1992-03-24,-32768
1992-03-25,-32768
1992-03-26,-32768
1992-03-27,-32768
1992-03-28,-32768
1992-03-29,-32768
1992-03-30,-32768
1992-03-31,-32768
1992-04-01,-32768
1992-04-02,-32768
1992-04-03,-32768
1992-04-04,-32768
1992-04-05,-32768
1992-04-06,-32768
1992-04-07,-32768
1992-04-08,-32768
1992-04-09,-32768
1992-04-10,-32768
1992-04-11,-32768
1992-04-12,-32768
1992-04-13,-32768
1992-04-14,-32768
1992-04-15,1506
1992-04-16,222
1992-04-17,358
1992-04-18,1019
1992-04-19,1324
1992-04-20,1089
1992-04-21,480
1992-04-22,1522
1992-04-23,2302
1992-04-24,793
1992-04-25,1216
1992-04-26,1105
1992-04-27,1774
1992-04-28,2679
1992-04-29,2117
1992-04-30,813
1992-05-01,553
1992-05-02,519
1992-05-03,1977
1992-05-04,2193
1992-05-05,1405
1992-05-06,2736
1992-05-07,2739
1992-05-08,2059
1992-05-09,1439
1992-05-10,2741
1992-05-11,2791
1992-05-12,2678
1992-05-13,1925
1992-05-14,2017
1992-05-15,2867
1992-05-16,2813
1992-05-17,2287
1992-05-18,2664
1992-05-19,2993
1992-05-20,2781
1992-05-21,2982
1992-05-22,2817
1992-05-23,1707
1992-05-24,2746
1992-05-25,2922
1992-05-26,1001
1992-05-27,1996
1992-05-28,2623
1992-05-29,2967
1992-05-30,432
1992-05-31,653
1992-06-01,2491
1992-06-02,2891
1992-06-03,2815
1992-06-04,2417
1992-06-05,687
1992-06-06,1581
1992-06-07,830
1992-06-08,2740
1992-06-09,2911
1992-06-10,2928
1992-06-11,2686
1992-06-12,2986
1992-06-13,2183
1992-06-14,2765
1992-06-15,3065
1992-06-16,2755
1992-06-17,2641
1992-06-18,2255
1992-06-19,1025
1992-06-20,691
1992-06-21,1004
1992-06-22,3105
1992-06-23,2510
1992-06-24,811
1992-06-25,2586
1992-06-26,2273
1992-06-27,1924
1992-06-28,2976
1992-06-29,2744
1992-06-30,1887
1992-07-01,2299
1992-07-02,2584
1992-07-03,796
1992-07-04,2392
1992-07-05,2552
1992-07-06,1711
1992-07-07,2245
1992-07-08,511
1992-07-09,1983
1992-07-10,1064
1992-07-11,1908
1992-07-12,1260
1992-07-13,2109
1992-07-14,395
1992-07-15,2220
1992-07-16,2242
1992-07-17,401
1992-07-18,1692
1992-07-19,2569
1992-07-20,1573
1992-07-21,2144
1992-07-22,2352
1992-07-23,1295
1992-07-24,2841
1992-07-25,2444
1992-07-26,588
1992-07-27,2764
1992-07-28,2467
1992-07-29,1920
1992-07-30,2038
1992-07-31,330
1992-08-01,2628
1992-08-02,1533
1992-08-03,1734
1992-08-04,1286
1992-08-05,2420
1992-08-06,2643
1992-08-07,2568
1992-08-08,461
1992-08-09,564
1992-08-10,1954
1992-08-11,2094
1992-08-12,1806
1992-08-13,893
1992-08-14,2299
1992-08-15,1619
1992-08-16,483
1992-08-17,1860
1992-08-18,2114
1992-08-19,1981
1992-08-20,2321
1992-08-21,2469
1992-08-22,2476
1992-08-23,2265
1992-08-24,1456
1992-08-25,1853
1992-08-26,1654
1992-08-27,306
1992-08-28,327
1992-08-29,1717
1992-08-30,1224
1992-08-31,1787
1992-09-01,1677
1992-09-02,1997
1992-09-03,714
1992-09-04,2275
1992-09-05,2129
1992-09-06,1238
1992-09-07,1048
1992-09-08,902
1992-09-09,1791
1992-09-10,1318
1992-09-11,2188
1992-09-12,2040
1992-09-13,2078
1992-09-14,1831
1992-09-15,1437
1992-09-16,1275
1992-09-17,967
1992-09-18,635
1992-09-19,1458
1992-09-20,1921
1992-09-21,189
1992-09-22,806
1992-09-23,1980
1992-09-24,1879
1992-09-25,1938
1992-09-26,609
1992-09-27,1030
1992-09-28,1459
1992-09-29,1180
1992-09-30,1227
1992-10-01,1670
1992-10-02,1492
1992-10-03,1235
1992-10-04,1724
1992-10-05,1666
1992-10-06,1622
1992-10-07,1598
1992-10-08,1450
1992-10-09,1263
1992-10-10,1176
1992-10-11,936
1992-10-12,757
1992-10-13,1432
1992-10-14,207
1992-10-15,140
1992-10-16,272
1992-10-17,1273
1992-10-18,556
1992-10-19,1102
1992-10-20,215
1992-10-21,553
1992-10-22,706
1992-10-23,855
1992-10-24,305
1992-10-25,1307
1992-10-26,286
1992-10-27,979
1992-10-28,874
1992-10-29,239
1992-10-30,316
1992-10-31,632
1992-11-01,1031
1992-11-02,61
1992-11-03,946
1992-11-04,152
1992-11-05,202
1992-11-06,453
1992-11-07,1008
1992-11-08,616
1992-11-09,145
1992-11-10,300
1992-11-11,409
1992-11-12,87
1992-11-13,863
1992-11-14,861
1992-11-15,551
1992-11-16,559
1992-11-17,242
1992-11-18,249
1992-11-19,564
1992-11-20,579
1992-11-21,88
1992-11-22,190
1992-11-23,133
1992-11-24,122
1992-11-25,234
1992-11-26,438
1992-11-27,149
1992-11-28,228
1992-11-29,194
1992-11-30,208
1992-12-01,378
1992-12-02,122
1992-12-03,344
1992-12-04,268
1992-12-05,591
1992-12-06,533
1992-12-07,282
1992-12-08,305
1992-12-09,290
1992-12-10,75
1992-12-11,111
1992-12-12,262
1992-12-13,766
1992-12-14,325
1992-12-15,499
1992-12-16,549
1992-12-17,172
1992-12-18,698
1992-12-19,163
1992-12-20,504
1992-12-21,562
1992-12-22,145
1992-12-23,274
1992-12-24,721
1992-12-25,290
1992-12-26,674
1992-12-27,472
1992-12-28,450
1992-12-29,72
1992-12-30,63
1992-12-31,157
1993-01-01,547
1993-01-02,438
1993-01-03,92
1993-01-04,79
1993-01-05,355
1993-01-06,392
1993-01-07,488
1993-01-08,729
1993-01-09,812
1993-01-10,246
1993-01-11,223
1993-01-12,290
1993-01-13,95
1993-01-14,849
1993-01-15,644
1993-01-16,383
1993-01-17,554
1993-01-18,916
1993-01-19,566
1993-01-20,907
1993-01-21,430
1993-01-22,128
1993-01-23,708
1993-01-24,99
1993-01-25,786
1993-01-26,414
1993-01-27,782
1993-01-28,183
1993-01-29,982
1993-01-30,261
1993-01-31,228
1993-02-01,1076
1993-02-02,861
1993-02-03,947
1993-02-04,933
1993-02-05,832
1993-02-06,1138
1993-02-07,1007
1993-02-08,1190
1993-02-09,985
1993-02-10,273
1993-02-11,937
1993-02-12,200
1993-02-13,240
1993-02-14,1153
1993-02-15,889
1993-02-16,159
1993-02-17,1204
1993-02-18,989
1993-02-19,1337
1993-02-20,1174
1993-02-21,236
1993-02-22,415
1993-02-23,969
1993-02-24,1451
1993-02-25,1532
1993-02-26,1343
1993-02-27,1359
1993-02-28,1536
1993-03-01,674
1993-03-02,1426
1993-03-03,1019
1993-03-04,441
1993-03-05,274
1993-03-06,559
1993-03-07,951
1993-03-08,600
1993-03-09,1539
1993-03-10,612
1993-03-11,1458
1993-03-12,1779
1993-03-13,341
1993-03-14,1798
1993-03-15,1692
1993-03-16,250
1993-03-17,1534
1993-03-18,1933
1993-03-19,1941
1993-03-20,221
1993-03-21,915
1993-03-22,2010
1993-03-23,736
1993-03-24,634
1993-03-25,743
1993-03-26,1850
1993-03-27,2099
1993-03-28,1031
1993-03-29,1073
1993-03-30,2105
1993-03-31,1294
1993-04-01,161
1993-04-02,235
1993-04-03,564
1993-04-04,972
1993-04-05,2242
1993-04-06,2094
1993-04-07,2247
1993-04-08,1278
1993-04-09,1057
1993-04-10,725
1993-04-11,2274
1993-04-12,2423
1993-04-13,2457
1993-04-14,1826
1993-04-15,1733
1993-04-16,744
1993-04-17,619
1993-04-18,2273
1993-04-19,570
1993-04-20,1261
1993-04-21,983
1993-04-22,2187
1993-04-23,2635
1993-04-24,862
1993-04-25,580
1993-04-26,1593
1993-04-27,2639
1993-04-28,1230
1993-04-29,1326
1993-04-30,1937
1993-05-01,2663
1993-05-02,2513
1993-05-03,1249
1993-05-04,1159
1993-05-05,1202
1993-05-06,2736
1993-05-07,2805
1993-05-08,2123
1993-05-09,2799
1993-05-10,2701
1993-05-11,2165
1993-05-12,2029
1993-05-13,2433
1993-05-14,1471
1993-05-15,2012
1993-05-16,2739
1993-05-17,1323
1993-05-18,2048
1993-05-19,849
1993-05-20,2377
1993-05-21,1979
1993-05-22,2343
1993-05-23,1052
1993-05-24,1063
1993-05-25,855
1993-05-26,1988
1993-05-27,2322
1993-05-28,1691
1993-05-29,3009
1993-05-30,2765
1993-05-31,823
1993-06-01,1838
1993-06-02,-32768
1993-06-03,-32768
1993-06-04,-32768
1993-06-05,309
1993-06-06,3005
1993-06-07,1695
1993-06-08,625
1993-06-09,2009
1993-06-10,2627
1993-06-11,2835
1993-06-12,3040
1993-06-13,3048
1993-06-14,2681
1993-06-15,2302
1993-06-16,2988
1993-06-17,2681
1993-06-18,1380
1993-06-19,863
1993-06-20,593
1993-06-21,1475
1993-06-22,2828
1993-06-23,3196
1993-06-24,3155
1993-06-25,1787
1993-06-26,2230
1993-06-27,1938
1993-06-28,1700
1993-06-29,2752
1993-06-30,1857
1993-07-01,2691
1993-07-02,1263
1993-07-03,2454
1993-07-04,2347
1993-07-05,2803
1993-07-06,1957
1993-07-07,2283
1993-07-08,2371
1993-07-09,2397
1993-07-10,2834
1993-07-11,2553
1993-07-12,2797
1993-07-13,2731
1993-07-14,943
1993-07-15,2703
1993-07-16,2813
1993-07-17,2982
1993-07-18,2511
1993-07-19,977
1993-07-20,2756
1993-07-21,2464
1993-07-22,2789
1993-07-23,2899
1993-07-24,2829
1993-07-25,2119
1993-07-26,-32768
1993-07-27,2205
1993-07-28,2095
1993-07-29,1460
1993-07-30,842
1993-07-31,2800
1993-08-01,2170
1993-08-02,2323
1993-08-03,2309
1993-08-04,2217
1993-08-05,1876
1993-08-06,2653
1993-08-07,1134
1993-08-08,2635
1993-08-09,2623
1993-08-10,1410
1993-08-11,2195
1993-08-12,2498
1993-08-13,2390
1993-08-14,2069
1993-08-15,1983
1993-08-16,494
1993-08-17,2103
1993-08-18,2487
1993-08-19,1583
1993-08-20,1827
1993-08-21,2589
1993-08-22,2421
1993-08-23,1368
1993-08-24,1340
1993-08-25,2338
1993-08-26,2271
1993-08-27,1984
1993-08-28,2118
1993-08-29,1684
1993-08-30,2004
1993-08-31,1201
1993-09-01,2336
1993-09-02,1229
1993-09-03,354
1993-09-04,1459
1993-09-05,1325
1993-09-06,575
1993-09-07,1947
1993-09-08,1215
1993-09-09,1002
1993-09-10,934
1993-09-11,1394
1993-09-12,865
1993-09-13,1805
1993-09-14,1262
1993-09-15,662
1993-09-16,2152
1993-09-17,1269
1993-09-18,801
1993-09-19,2105
1993-09-20,746
1993-09-21,609
1993-09-22,1795
1993-09-23,1270
1993-09-24,1782
1993-09-25,1491
1993-09-26,788
1993-09-27,308
1993-09-28,623
1993-09-29,815
1993-09-30,1829
1993-10-01,516
1993-10-02,880
1993-10-03,1252
1993-10-04,272
1993-10-05,1000
1993-10-06,735
1993-10-07,1465
1993-10-08,1420
1993-10-09,379
1993-10-10,972
1993-10-11,1519
1993-10-12,814
1993-10-13,1144
1993-10-14,1446
1993-10-15,574
1993-10-16,236
1993-10-17,107
1993-10-18,997
1993-10-19,497
1993-10-20,578
1993-10-21,948
1993-10-22,381
1993-10-23,1330
1993-10-24,934
1993-10-25,1227
1993-10-26,823
1993-10-27,558
1993-10-28,740
1993-10-29,679
1993-10-30,602
1993-10-31,304
1993-11-01,989
1993-11-02,855
1993-11-03,271
1993-11-04,361
1993-11-05,452
1993-11-06,508
1993-11-07,391
1993-11-08,963
1993-11-09,919
1993-11-10,671
1993-11-11,672
1993-11-12,693
1993-11-13,122
1993-11-14,126
1993-11-15,321
1993-11-16,260
1993-11-17,129
1993-11-18,962
1993-11-19,152
1993-11-20,748
1993-11-21,662
1993-11-22,817
1993-11-23,207
1993-11-24,129
1993-11-25,301
1993-11-26,230
1993-11-27,52
1993-11-28,311
1993-11-29,528
1993-11-30,538
1993-12-01,839
1993-12-02,350
1993-12-03,613
1993-12-04,60
1993-12-05,331
1993-12-06,64
1993-12-07,301
1993-12-08,525
1993-12-09,317
1993-12-10,57
1993-12-11,770
1993-12-12,771
1993-12-13,659
1993-12-14,667
1993-12-15,397
1993-12-16,443
1993-12-17,666
1993-12-18,101
1993-12-19,269
1993-12-20,89
1993-12-21,208
1993-12-22,200
1993-12-23,773
1993-12-24,437
1993-12-25,411
1993-12-26,762
1993-12-27,388
1993-12-28,720
1993-12-29,231
1993-12-30,759
1993-12-31,298
1994-01-01,139
1994-01-02,554
1994-01-03,219
1994-01-04,208
1994-01-05,837
1994-01-06,175
1994-01-07,279
1994-01-08,481
1994-01-09,854
1994-01-10,454
1994-01-11,208
1994-01-12,346
1994-01-13,651
1994-01-14,503
1994-01-15,820
1994-01-16,758
1994-01-17,255
1994-01-18,933
1994-01-19,943
1994-01-20,908
1994-01-21,669
1994-01-22,981
1994-01-23,84
1994-01-24,309
1994-01-25,463
1994-01-26,543
1994-01-27,120
1994-01-28,125
1994-01-29,594
1994-01-30,1049
1994-01-31,1050
1994-02-01,870
1994-02-02,581
1994-02-03,1077
1994-02-04,657
1994-02-05,1073
1994-02-06,790
1994-02-07,914
1994-02-08,474
1994-02-09,711
1994-02-10,1090
1994-02-11,803
1994-02-12,347
1994-02-13,1142
1994-02-14,1233
1994-02-15,1025
1994-02-16,1345
1994-02-17,1134
1994-02-18,1341
1994-02-19,1016
1994-02-20,455
1994-02-21,272
1994-02-22,1394
1994-02-23,234
1994-02-24,571
1994-02-25,1316
1994-02-26,1608
1994-02-27,1645
1994-02-28,1472
1994-03-01,1137
1994-03-02,1554
1994-03-03,1581
1994-03-04,1307
1994-03-05,1663
1994-03-06,357
1994-03-07,791
1994-03-08,1192
1994-03-09,547
1994-03-10,1422
1994-03-11,1853
1994-03-12,1151
1994-03-13,1210
1994-03-14,1239
1994-03-15,746
1994-03-16,979
1994-03-17,1919
1994-03-18,644
1994-03-19,2016
1994-03-20,2005
1994-03-21,383
1994-03-22,2032
1994-03-23,1561
1994-03-24,1116
1994-03-25,1179
1994-03-26,1876
1994-03-27,296
1994-03-28,1009
1994-03-29,414
1994-03-30,1799
1994-03-31,2152
1994-04-01,1895
1994-04-02,1581
1994-04-03,955
1994-04-04,2099
1994-04-05,675
1994-04-06,476
1994-04-07,2454
1994-04-08,2381
1994-04-09,1522
1994-04-10,2076
1994-04-11,1955
1994-04-12,685
1994-04-13,999
1994-04-14,1301
1994-04-15,1870
1994-04-16,762
1994-04-17,1681
1994-04-18,2174
1994-04-19,2578
1994-04-20,2607
1994-04-21,2586
1994-04-22,2606
1994-04-23,2412
1994-04-24,2238
1994-04-25,1000
1994-04-26,1580
1994-04-27,2046
1994-04-28,1931
1994-04-29,2099
1994-04-30,1389
1994-05-01,647
1994-05-02,2305
1994-05-03,2742
1994-05-04,2680
1994-05-05,1025
1994-05-06,1231
1994-05-07,1568
1994-05-08,2136
1994-05-09,1142
1994-05-10,2044
1994-05-11,487
1994-05-12,2092
1994-05-13,3005
1994-05-14,2683
1994-05-15,398
1994-05-16,544
1994-05-17,2331
1994-05-18,1852
1994-05-19,2140
1994-05-20,2938
1994-05-21,2609
1994-05-22,2800
1994-05-23,2885
1994-05-24,1398
1994-05-25,1326
1994-05-26,309
1994-05-27,3011
1994-05-28,963
1994-05-29,2234
1994-05-30,2564
1994-05-31,1933
1994-06-01,2789
1994-06-02,3068
1994-06-03,3103
1994-06-04,2924
1994-06-05,2698
1994-06-06,1456
1994-06-07,1740
1994-06-08,3173
1994-06-09,2952
1994-06-10,2787
1994-06-11,2225
1994-06-12,2008
1994-06-13,1102
1994-06-14,2480
1994-06-15,2749
1994-06-16,2675
1994-06-17,2736
1994-06-18,2836
1994-06-19,2928
1994-06-20,2065
1994-06-21,2781
1994-06-22,2629
1994-06-23,1870
1994-06-24,300
1994-06-25,983
1994-06-26,2614
1994-06-27,464
1994-06-28,2176
1994-06-29,1605
1994-06-30,1810
1994-07-01,2894
1994-07-02,2200
1994-07-03,3136
1994-07-04,2882
1994-07-05,2010
1994-07-06,2106
1994-07-07,1956
1994-07-08,2349
1994-07-09,1875
1994-07-10,1967
1994-07-11,2994
1994-07-12,2006
1994-07-13,2897
1994-07-14,2051
1994-07-15,1295
1994-07-16,2442
1994-07-17,2423
1994-07-18,2325
1994-07-19,2689
1994-07-20,1243
1994-07-21,1730
1994-07-22,1736
1994-07-23,2356
1994-07-24,2347
1994-07-25,2442
1994-07-26,2286
1994-07-27,1910
1994-07-28,980
1994-07-29,2728
1994-07-30,1876
1994-07-31,2240
1994-08-01,2016
1994-08-02,1525
1994-08-03,2545
1994-08-04,624
1994-08-05,2624
1994-08-06,2758
1994-08-07,2690
1994-08-08,2313
1994-08-09,1075
1994-08-10,2248
1994-08-11,1192
1994-08-12,1397
1994-08-13,591
1994-08-14,2178
1994-08-15,1681
1994-08-16,2457
1994-08-17,1900
1994-08-18,1986
1994-08-19,2264
1994-08-20,1248
1994-08-21,1795
1994-08-22,2303
1994-08-23,2478
1994-08-24,2005
1994-08-25,1693
1994-08-26,1166
1994-08-27,2193
1994-08-28,1134
1994-08-29,2065
1994-08-30,2115
1994-08-31,412
1994-09-01,1668
1994-09-02,1662
1994-09-03,1684
1994-09-04,2233
1994-09-05,2336
1994-09-06,682
1994-09-07,1869
1994-09-08,1852
1994-09-09,1990
1994-09-10,1866
1994-09-11,2122
1994-09-12,1452
1994-09-13,645
1994-09-14,952
1994-09-15,782
1994-09-16,1668
1994-09-17,1084
1994-09-18,1675
1994-09-19,2039
1994-09-20,1888
1994-09-21,1863
1994-09-22,1568
1994-09-23,1283
1994-09-24,725
1994-09-25,815
1994-09-26,1194
1994-09-27,960
1994-09-28,518
1994-09-29,1093
1994-09-30,1146
1994-10-01,323
1994-10-02,-32768
1994-10-03,1800
1994-10-04,645
1994-10-05,1067
1994-10-06,1591
1994-10-07,1610
1994-10-08,1245
1994-10-09,886
1994-10-10,1548
1994-10-11,1606
1994-10-12,1591
1994-10-13,1103
1994-10-14,1438
1994-10-15,1549
1994-10-16,1463
1994-10-17,1325
1994-10-18,738
1994-10-19,648
1994-10-20,476
1994-10-21,688
1994-10-22,515
1994-10-23,733
1994-10-24,689
1994-10-25,643
1994-10-26,917
1994-10-27,795
1994-10-28,1185
1994-10-29,839
1994-10-30,1235
1994-10-31,303
1994-11-01,157
1994-11-02,1168
1994-11-03,541
1994-11-04,223
1994-11-05,129
1994-11-06,213
1994-11-07,912
1994-11-08,483
1994-11-09,454
1994-11-10,1009
1994-11-11,1032
1994-11-12,847
1994-11-13,263
1994-11-14,376
1994-11-15,767
1994-11-16,826
1994-11-17,975
1994-11-18,343
1994-11-19,809
1994-11-20,606
1994-11-21,282
1994-11-22,545
1994-11-23,827
1994-11-24,453
1994-11-25,883
1994-11-26,900
1994-11-27,485
1994-11-28,283
1994-11-29,320
1994-11-30,417
1994-12-01,522
1994-12-02,781
1994-12-03,156
1994-12-04,277
1994-12-05,122
1994-12-06,94
1994-12-07,222
1994-12-08,742
1994-12-09,89
1994-12-10,346
1994-12-11,761
1994-12-12,528
1994-12-13,371
1994-12-14,230
1994-12-15,161
1994-12-16,414
1994-12-17,117
1994-12-18,353
1994-12-19,149
1994-12-20,394
1994-12-21,723
1994-12-22,680
1994-12-23,693
1994-12-24,659
1994-12-25,756
1994-12-26,787
1994-12-27,472
1994-12-28,207
1994-12-29,812
1994-12-30,323
1994-12-31,89
1995-01-01,184
1995-01-02,623
1995-01-03,431
1995-01-04,712
1995-01-05,614
1995-01-06,157
1995-01-07,691
1995-01-08,545
1995-01-09,686
1995-01-10,458
1995-01-11,122
1995-01-12,53
1995-01-13,310
1995-01-14,358
1995-01-15,164
1995-01-16,188
1995-01-17,349
1995-01-18,173
1995-01-19,324
1995-01-20,58
1995-01-21,117
1995-01-22,218
1995-01-23,257
1995-01-24,296
1995-01-25,300
1995-01-26,398
1995-01-27,523
1995-01-28,1090
1995-01-29,687
1995-01-30,822
1995-01-31,325
1995-02-01,312
1995-02-02,1157
1995-02-03,566
1995-02-04,602
1995-02-05,781
1995-02-06,1091
1995-02-07,802
1995-02-08,1230
1995-02-09,492
1995-02-10,194
1995-02-11,901
1995-02-12,1040
1995-02-13,779
1995-02-14,1144
1995-02-15,144
1995-02-16,1000
1995-02-17,1278
1995-02-18,1283
1995-02-19,1055
1995-02-20,307
1995-02-21,687
1995-02-22,536
1995-02-23,451
1995-02-24,1236
1995-02-25,872
1995-02-26,1177
1995-02-27,269
1995-02-28,546
1995-03-01,1198
1995-03-02,1547
1995-03-03,1646
1995-03-04,1672
1995-03-05,387
1995-03-06,886
1995-03-07,349
1995-03-08,605
1995-03-09,1841
1995-03-10,1133
1995-03-11,1451
1995-03-12,1770
1995-03-13,1781
1995-03-14,1489
1995-03-15,1453
1995-03-16,1521
1995-03-17,1259
1995-03-18,1904
1995-03-19,472
1995-03-20,1114
1995-03-21,275
1995-03-22,801
1995-03-23,1840
1995-03-24,2177
1995-03-25,2157
1995-03-26,2085
1995-03-27,2216
1995-03-28,2257
1995-03-29,1482
1995-03-30,646
1995-03-31,950
1995-04-01,2207
1995-04-02,2129
1995-04-03,977
1995-04-04,1651
1995-04-05,1617
1995-04-06,411
1995-04-07,1647
1995-04-08,989
1995-04-09,823
1995-04-10,2196
1995-04-11,2222
1995-04-12,693
1995-04-13,1172
1995-04-14,1853
1995-04-15,2579
1995-04-16,2640
1995-04-17,1748
1995-04-18,1024
1995-04-19,1543
1995-04-20,1680
1995-04-21,705
1995-04-22,887
1995-04-23,2328
1995-04-24,2599
1995-04-25,1433
1995-04-26,596
1995-04-27,915
1995-04-28,853
1995-04-29,1328
1995-04-30,2003
1995-05-01,1463
1995-05-02,2019
1995-05-03,1669
1995-05-04,2138
1995-05-05,2111
1995-05-06,2749
1995-05-07,2618
1995-05-08,2544
1995-05-09,974
1995-05-10,990
1995-05-11,928
1995-05-12,2034
1995-05-13,2680
1995-05-14,1384
1995-05-15,2787
1995-05-16,2070
1995-05-17,1118
1995-05-18,1799
1995-05-19,2553
1995-05-20,2781
1995-05-21,2131
1995-05-22,2633
1995-05-23,2151
1995-05-24,644
1995-05-25,1748
1995-05-26,3054
1995-05-27,3007
1995-05-28,289
1995-05-29,861
1995-05-30,2591
1995-05-31,2745
1995-06-01,2520
1995-06-02,732
1995-06-03,693
1995-06-04,2804
1995-06-05,2691
1995-06-06,2619
1995-06-07,2177
1995-06-08,1639
1995-06-09,3006
1995-06-10,2135
1995-06-11,1456
1995-06-12,2811
1995-06-13,2923
1995-06-14,3233
1995-06-15,3486
1995-06-16,2709
1995-06-17,2297
1995-06-18,2638
1995-06-19,2709
1995-06-20,2726
1995-06-21,2900
1995-06-22,2665
1995-06-23,2435
1995-06-24,1953
1995-06-25,2169
1995-06-26,1695
1995-06-27,336
1995-06-28,2057
1995-06-29,2417
1995-06-30,1951
1995-07-01,2438
1995-07-02,2540
1995-07-03,2746
1995-07-04,2493
1995-07-05,2092
1995-07-06,1417
1995-07-07,835
1995-07-08,1177
1995-07-09,1138
1995-07-10,2057
1995-07-11,2013
1995-07-12,2450
1995-07-13,2128
1995-07-14,2550
1995-07-15,2562
1995-07-16,1118
1995-07-17,2382
1995-07-18,2481
1995-07-19,1943
1995-07-20,762
1995-07-21,2696
1995-07-22,2433
1995-07-23,1482
1995-07-24,1544
1995-07-25,1330
1995-07-26,2331
1995-07-27,2366
1995-07-28,1787
1995-07-29,2707
1995-07-30,2852
1995-07-31,2784
1995-08-01,1949
1995-08-02,1248
1995-08-03,710
1995-08-04,1393
1995-08-05,1032
1995-08-06,1471
1995-08-07,1648
1995-08-08,2231
1995-08-09,2535
1995-08-10,1950
1995-08-11,1893
1995-08-12,2319
1995-08-13,2067
1995-08-14,1285
1995-08-15,2295
1995-08-16,2377
1995-08-17,1421
1995-08-18,2202
1995-08-19,2342
1995-08-20,2326
1995-08-21,2523
1995-08-22,2108
1995-08-23,2327
1995-08-24,2323
1995-08-25,2430
1995-08-26,1514
1995-08-27,1381
1995-08-28,2286
1995-08-29,1584
1995-08-30,2326
1995-08-31,1118
1995-09-01,1656
1995-09-02,2174
1995-09-03,797
1995-09-04,1909
1995-09-05,1935
1995-09-06,1065
1995-09-07,436
1995-09-08,1327
1995-09-09,2091
1995-09-10,2192
1995-09-11,2084
1995-09-12,1555
1995-09-13,1034
1995-09-14,1603
1995-09-15,2078
1995-09-16,1809
1995-09-17,1281
1995-09-18,2013
1995-09-19,1803
1995-09-20,202
1995-09-21,1560
1995-09-22,636
1995-09-23,1392
1995-09-24,1625
1995-09-25,1135
1995-09-26,724
1995-09-27,1745
1995-09-28,1806
1995-09-29,1663
1995-09-30,1449
1995-10-01,1486
1995-10-02,1718
1995-10-03,448
1995-10-04,663
1995-10-05,251
1995-10-06,378
1995-10-07,648
1995-10-08,784
1995-10-09,1104
1995-10-10,1348
1995-10-11,1453
1995-10-12,1453
1995-10-13,1402
1995-10-14,151
1995-10-15,1198
1995-10-16,1231
1995-10-17,1356
1995-10-18,1034
1995-10-19,813
1995-10-20,1050
1995-10-21,216
1995-10-22,650
1995-10-23,1252
1995-10-24,579
1995-10-25,322
1995-10-26,802
1995-10-27,82
1995-10-28,510
1995-10-29,722
1995-10-30,654
1995-10-31,224
1995-11-01,153
1995-11-02,671
1995-11-03,668
1995-11-04,1125
1995-11-05,1055
1995-11-06,695
1995-11-07,138
1995-11-08,907
1995-11-09,407
1995-11-10,204
1995-11-11,51
1995-11-12,462
1995-11-13,145
1995-11-14,173
1995-11-15,314
1995-11-16,796
1995-11-17,905
1995-11-18,113
1995-11-19,296
1995-11-20,177
1995-11-21,471
1995-11-22,355
1995-11-23,673
1995-11-24,742
1995-11-25,183
1995-11-26,75
1995-11-27,50
1995-11-28,576
1995-11-29,296
1995-11-30,404
1995-12-01,141
1995-12-02,752
1995-12-03,136
1995-12-04,706
1995-12-05,341
1995-12-06,554
1995-12-07,700
1995-12-08,651
1995-12-09,477
1995-12-10,568
1995-12-11,654
1995-12-12,624
1995-12-13,523
1995-12-14,47
1995-12-15,154
1995-12-16,173
1995-12-17,506
1995-12-18,371
1995-12-19,308
1995-12-20,374
1995-12-21,528
1995-12-22,281
1995-12-23,476
1995-12-24,337
1995-12-25,269
1995-12-26,743
1995-12-27,331
1995-12-28,751
1995-12-29,320
1995-12-30,205
1995-12-31,257
1996-01-01,111
1996-01-02,344
1996-01-03,512
1996-01-04,560
1996-01-05,743
1996-01-06,499
1996-01-07,563
1996-01-08,703
1996-01-09,280
1996-01-10,767
1996-01-11,426
1996-01-12,581
1996-01-13,155
1996-01-14,149
1996-01-15,837
1996-01-16,220
1996-01-17,144
1996-01-18,414
1996-01-19,183
1996-01-20,891
1996-01-21,760
1996-01-22,706
1996-01-23,107
1996-01-24,155
1996-01-25,576
1996-01-26,614
1996-01-27,273
1996-01-28,705
1996-01-29,118
1996-01-30,740
1996-01-31,881
1996-02-01,903
1996-02-02,883
1996-02-03,1137
1996-02-04,960
1996-02-05,517
1996-02-06,615
1996-02-07,156
1996-02-08,67
1996-02-09,652
1996-02-10,145
1996-02-11,450
1996-02-12,1197
1996-02-13,1046
1996-02-14,860
1996-02-15,1253
1996-02-16,1335
1996-02-17,828
1996-02-18,1310
1996-02-19,832
1996-02-20,72
1996-02-21,246
1996-02-22,372
1996-02-23,342
1996-02-24,477
1996-02-25,1474
1996-02-26,1395
1996-02-27,263
1996-02-28,483
1996-02-29,-32768
1996-03-01,1148
1996-03-02,663
1996-03-03,1205
1996-03-04,1478
1996-03-05,475
1996-03-06,1188
1996-03-07,1322
1996-03-08,1340
1996-03-09,1400
1996-03-10,1763
1996-03-11,1684
1996-03-12,1558
1996-03-13,1297
1996-03-14,1298
1996-03-15,434
1996-03-16,1943
1996-03-17,1896
1996-03-18,1516
1996-03-19,1660
1996-03-20,300
1996-03-21,1085
1996-03-22,1212
1996-03-23,1872
1996-03-24,1061
1996-03-25,915
1996-03-26,1127
1996-03-27,2058
1996-03-28,2050
1996-03-29,1750
1996-03-30,2128
1996-03-31,1934
1996-04-01,1215
1996-04-02,2057
1996-04-03,495
1996-04-04,277
1996-04-05,2275
1996-04-06,1754
1996-04-07,722
1996-04-08,2163
1996-04-09,1947
1996-04-10,1725
1996-04-11,701
1996-04-12,261
1996-04-13,192
1996-04-14,1854
1996-04-15,1304
1996-04-16,675
1996-04-17,2205
1996-04-18,2205
1996-04-19,1993
1996-04-20,601
1996-04-21,884
1996-04-22,514
1996-04-23,381
1996-04-24,1347
1996-04-25,630
1996-04-26,1698
1996-04-27,1171
1996-04-28,2433
1996-04-29,691
1996-04-30,495
1996-05-01,1989
1996-05-02,1994
1996-05-03,1046
1996-05-04,522
1996-05-05,1809
1996-05-06,2615
1996-05-07,1685
1996-05-08,2280
1996-05-09,1203
1996-05-10,754
1996-05-11,336
1996-05-12,2477
1996-05-13,1841
1996-05-14,1666
1996-05-15,2151
1996-05-16,1201
1996-05-17,2094
1996-05-18,2221
1996-05-19,1637
1996-05-20,807
1996-05-21,2548
1996-05-22,1877
1996-05-23,1377
1996-05-24,2816
1996-05-25,2898
1996-05-26,1402
1996-05-27,2650
1996-05-28,2789
1996-05-29,2901
1996-05-30,2825
1996-05-31,2915
1996-06-01,2838
1996-06-02,1394
1996-06-03,1183
1996-06-04,1460
1996-06-05,1178
1996-06-06,1412
1996-06-07,472
1996-06-08,312
1996-06-09,810
1996-06-10,2625
1996-06-11,2697
1996-06-12,2403
1996-06-13,1145
1996-06-14,2738
1996-06-15,2650
1996-06-16,1716
1996-06-17,1183
1996-06-18,597
1996-06-19,813
1996-06-20,1253
1996-06-21,2493
1996-06-22,2157
1996-06-23,2825
1996-06-24,919
1996-06-25,2960
1996-06-26,2784
1996-06-27,2302
1996-06-28,2490
1996-06-29,519
1996-06-30,2892
1996-07-01,2967
1996-07-02,1542
1996-07-03,1127
1996-07-04,2939
1996-07-05,2764
1996-07-06,1687
1996-07-07,1499
1996-07-08,2525
1996-07-09,1743
1996-07-10,2189
1996-07-11,2821
1996-07-12,1904
1996-07-13,2025
1996-07-14,2119
1996-07-15,992
1996-07-16,2607
1996-07-17,2358
1996-07-18,1768
1996-07-19,1645
1996-07-20,2944
1996-07-21,2771
1996-07-22,2845
1996-07-23,2204
1996-07-24,2008
1996-07-25,2175
1996-07-26,1534
1996-07-27,2789
1996-07-28,2749
1996-07-29,2348
1996-07-30,1654
1996-07-31,2335
1996-08-01,1927
1996-08-02,2371
1996-08-03,2597
1996-08-04,2600
1996-08-05,2446
1996-08-06,2201
1996-08-07,1976
1996-08-08,1251
1996-08-09,2190
1996-08-10,1949
1996-08-11,2155
1996-08-12,1530
1996-08-13,1910
1996-08-14,2472
1996-08-15,1350
1996-08-16,1094
1996-08-17,2128
1996-08-18,2351
1996-08-19,2127
1996-08-20,1316
1996-08-21,2252
1996-08-22,2075
1996-08-23,1246
1996-08-24,2092
1996-08-25,2385
1996-08-26,1557
1996-08-27,1458
1996-08-28,2254
1996-08-29,1808
1996-08-30,2248
1996-08-31,2260
1996-09-01,2095
1996-09-02,2134
1996-09-03,2140
1996-09-04,1714
1996-09-05,1452
1996-09-06,1458
1996-09-07,156
1996-09-08,375
1996-09-09,770
1996-09-10,1424
1996-09-11,1766
1996-09-12,718
1996-09-13,224
1996-09-14,640
1996-09-15,1349
1996-09-16,1202
1996-09-17,693
1996-09-18,1940
1996-09-19,1971
1996-09-20,1894
1996-09-21,1646
1996-09-22,252
1996-09-23,1877
1996-09-24,188
1996-09-25,1216
1996-09-26,1468
1996-09-27,145
1996-09-28,318
1996-09-29,823
1996-09-30,1371
1996-10-01,1485
1996-10-02,882
1996-10-03,1167
1996-10-04,1494
1996-10-05,1622
1996-10-06,1568
1996-10-07,1041
1996-10-08,292
1996-10-09,278
1996-10-10,551
1996-10-11,736
1996-10-12,476
1996-10-13,1245
1996-10-14,1456
1996-10-15,1338
1996-10-16,697
1996-10-17,515
1996-10-18,259
1996-10-19,196
1996-10-20,449
1996-10-21,194
1996-10-22,758
1996-10-23,265
1996-10-24,176
1996-10-25,1228
1996-10-26,1045
1996-10-27,276
1996-10-28,856
1996-10-29,1083
1996-10-30,236
1996-10-31,509
1996-11-01,600
1996-11-02,961
1996-11-03,1013
1996-11-04,930
1996-11-05,363
1996-11-06,276
1996-11-07,222
1996-11-08,125
1996-11-09,566
1996-11-10,624
1996-11-11,639
1996-11-12,748
1996-11-13,636
1996-11-14,702
1996-11-15,833
1996-11-16,913
1996-11-17,646
1996-11-18,500
1996-11-19,370
1996-11-20,887
1996-11-21,420
1996-11-22,430
1996-11-23,79
1996-11-24,224
1996-11-25,590
1996-11-26,268
1996-11-27,708
1996-11-28,335
1996-11-29,568
1996-11-30,105
1996-12-01,96
1996-12-02,356
1996-12-03,418
1996-12-04,190
1996-12-05,164
1996-12-06,99
1996-12-07,105
1996-12-08,205
1996-12-09,408
1996-12-10,342
1996-12-11,309
1996-12-12,63
1996-12-13,120
1996-12-14,544
1996-12-15,256
1996-12-16,99
1996-12-17,76
1996-12-18,385
1996-12-19,613
1996-12-20,553
1996-12-21,204
1996-12-22,140
1996-12-23,53
1996-12-24,92
1996-12-25,355
1996-12-26,212
1996-12-27,320
1996-12-28,141
1996-12-29,137
1996-12-30,148
1996-12-31,636
1997-01-01,230
1997-01-02,240
1997-01-03,136
1997-01-04,100
1997-01-05,102
1997-01-06,344
1997-01-07,511
1997-01-08,798
1997-01-09,76
1997-01-10,324
1997-01-11,423
1997-01-12,677
1997-01-13,241
1997-01-14,636
1997-01-15,406
1997-01-16,455
1997-01-17,681
1997-01-18,896
1997-01-19,690
1997-01-20,286
1997-01-21,734
1997-01-22,61
1997-01-23,851
1997-01-24,348
1997-01-25,329
1997-01-26,916
1997-01-27,147
1997-01-28,774
1997-01-29,790
1997-01-30,391
1997-01-31,-32768
1997-02-01,868
1997-02-02,332
1997-02-03,1026
1997-02-04,218
1997-02-05,163
1997-02-06,255
1997-02-07,546
1997-02-08,1130
1997-02-09,1213
1997-02-10,571
1997-02-11,651
1997-02-12,548
1997-02-13,778
1997-02-14,190
1997-02-15,855
1997-02-16,279
1997-02-17,485
1997-02-18,1037
1997-02-19,220
1997-02-20,1043
1997-02-21,258
1997-02-22,925
1997-02-23,646
1997-02-24,807
1997-02-25,809
1997-02-26,923
1997-02-27,335
1997-02-28,-32768
1997-03-01,192
1997-03-02,378
1997-03-03,1086
1997-03-04,375
1997-03-05,476
1997-03-06,1125
1997-03-07,1477
1997-03-08,1329
1997-03-09,1223
1997-03-10,1299
1997-03-11,1716
1997-03-12,1767
1997-03-13,1410
1997-03-14,176
1997-03-15,1413
1997-03-16,1471
1997-03-17,1064
1997-03-18,1699
1997-03-19,1565
1997-03-20,650
1997-03-21,305
1997-03-22,1627
1997-03-23,2072
1997-03-24,2044
1997-03-25,144
1997-03-26,465
1997-03-27,2057
1997-03-28,1348
1997-03-29,321
1997-03-30,392
1997-03-31,-32768
1997-04-01,2244
1997-04-02,2156
1997-04-03,895
1997-04-04,1968
1997-04-05,521
1997-04-06,2017
1997-04-07,715
1997-04-08,1157
1997-04-09,2374
1997-04-10,2314
1997-04-11,1629
1997-04-12,268
1997-04-13,669
1997-04-14,2365
1997-04-15,2215
1997-04-16,805
1997-04-17,819
1997-04-18,2439
1997-04-19,809
1997-04-20,546
1997-04-21,2383
1997-04-22,1316
1997-04-23,2504
1997-04-24,1263
1997-04-25,2045
1997-04-26,2658
1997-04-27,1261
1997-04-28,1200
1997-04-29,2017
1997-04-30,-32768
1997-05-01,542
1997-05-02,2225
1997-05-03,345
1997-05-04,1985
1997-05-05,1828
1997-05-06,1588
1997-05-07,2257
1997-05-08,1423
1997-05-09,765
1997-05-10,1381
1997-05-11,2219
1997-05-12,810
1997-05-13,2442
1997-05-14,1781
1997-05-15,979
1997-05-16,1779
1997-05-17,1399
1997-05-18,1654
1997-05-19,887
1997-05-20,1890
1997-05-21,2179
1997-05-22,2914
1997-05-23,2645
1997-05-24,1925
1997-05-25,1078
1997-05-26,2528
1997-05-27,3016
1997-05-28,2794
1997-05-29,776
1997-05-30,917
1997-05-31,-32768
1997-06-01,-32768
1997-06-02,1215
1997-06-03,2899
1997-06-04,2840
1997-06-05,2836
1997-06-06,2778
1997-06-07,1116
1997-06-08,2572
1997-06-09,2686
1997-06-10,2930
1997-06-11,2560
1997-06-12,1739
1997-06-13,2022
1997-06-14,2709
1997-06-15,3078
1997-06-16,1208
1997-06-17,2399
1997-06-18,734
1997-06-19,2812
1997-06-20,967
1997-06-21,2094
1997-06-22,2804
1997-06-23,2893
1997-06-24,2172
1997-06-25,2388
1997-06-26,2424
1997-06-27,3004
1997-06-28,2982
1997-06-29,2914
1997-06-30,-32768
1997-07-01,2199
1997-07-02,2442
1997-07-03,1028
1997-07-04,685
1997-07-05,2568
1997-07-06,2593
1997-07-07,2803
1997-07-08,1007
1997-07-09,1909
1997-07-10,2879
1997-07-11,2718
1997-07-12,2790
1997-07-13,2750
1997-07-14,2226
1997-07-15,1989
1997-07-16,2656
1997-07-17,2672
1997-07-18,2105
1997-07-19,2995
1997-07-20,2409
1997-07-21,1054
1997-07-22,2925
1997-07-23,2399
1997-07-24,1582
1997-07-25,2739
1997-07-26,1356
1997-07-27,1668
1997-07-28,2240
1997-07-29,2787
1997-07-30,2728
1997-07-31,-32768
1997-08-01,1202
1997-08-02,2088
1997-08-03,2291
1997-08-04,2272
1997-08-05,1888
1997-08-06,2357
1997-08-07,2180
1997-08-08,2375
1997-08-09,2507
1997-08-10,2030
1997-08-11,700
1997-08-12,1845
1997-08-13,1216
1997-08-14,2438
1997-08-15,1049
1997-08-16,1425
1997-08-17,911
1997-08-18,2589
1997-08-19,2484
1997-08-20,1007
1997-08-21,588
1997-08-22,1587
1997-08-23,932
1997-08-24,1562
1997-08-25,2312
1997-08-26,1289
1997-08-27,1621
1997-08-28,1747
1997-08-29,1455
1997-08-30,2187
1997-08-31,-32768
1997-09-01,1852
1997-09-02,996
1997-09-03,2212
1997-09-04,2298
1997-09-05,2125
1997-09-06,1904
1997-09-07,495
1997-09-08,2066
1997-09-09,1905
1997-09-10,190
1997-09-11,1307
1997-09-12,997
1997-09-13,1168
1997-09-14,1895
1997-09-15,1671
1997-09-16,1927
1997-09-17,506
1997-09-18,1888
1997-09-19,351
1997-09-20,639
1997-09-21,1788
1997-09-22,1732
1997-09-23,1087
1997-09-24,1849
1997-09-25,347
1997-09-26,1372
1997-09-27,1758
1997-09-28,1602
1997-09-29,1163
1997-09-30,-32768
1997-10-01,1604
1997-10-02,364
1997-10-03,1284
1997-10-04,1280
1997-10-05,1673
1997-10-06,1630
1997-10-07,1061
1997-10-08,1378
1997-10-09,899
1997-10-10,1562
1997-10-11,1556
1997-10-12,1477
1997-10-13,1347
1997-10-14,1052
1997-10-15,832
1997-10-16,1424
1997-10-17,1379
1997-10-18,1353
1997-10-19,1258
1997-10-20,988
1997-10-21,689
1997-10-22,594
1997-10-23,560
1997-10-24,649
1997-10-25,1112
1997-10-26,447
1997-10-27,416
1997-10-28,961
1997-10-29,738
1997-10-30,1061
1997-10-31,-32768
1997-11-01,260
1997-11-02,203
1997-11-03,470
1997-11-04,718
1997-11-05,357
1997-11-06,698
1997-11-07,483
1997-11-08,830
1997-11-09,992
1997-11-10,379
1997-11-11,953
1997-11-12,623
1997-11-13,914
1997-11-14,247
1997-11-15,600
1997-11-16,833
1997-11-17,363
1997-11-18,805
1997-11-19,420
1997-11-20,806
1997-11-21,187
1997-11-22,190
1997-11-23,365
1997-11-24,793
1997-11-25,113
1997-11-26,85
1997-11-27,441
1997-11-28,88
1997-11-29,593
1997-11-30,-32768
1997-12-01,818
1997-12-02,820
1997-12-03,269
1997-12-04,315
1997-12-05,406
1997-12-06,253
1997-12-07,462
1997-12-08,267
1997-12-09,137
1997-12-10,102
1997-12-11,131
1997-12-12,428
1997-12-13,285
1997-12-14,741
1997-12-15,725
1997-12-16,630
1997-12-17,735
1997-12-18,271
1997-12-19,203
1997-12-20,196
1997-12-21,741
1997-12-22,360
1997-12-23,136
1997-12-24,330
1997-12-25,167
1997-12-26,148
1997-12-27,557
1997-12-28,695
1997-12-29,211
1997-12-30,278
1997-12-31,748
1998-01-01,167
1998-01-02,452
1998-01-03,118
1998-01-04,143
1998-01-05,158
1998-01-06,266
1998-01-07,59
1998-01-08,73
1998-01-09,100
1998-01-10,398
1998-01-11,346
1998-01-12,571
1998-01-13,608
1998-01-14,685
1998-01-15,146
1998-01-16,249
1998-01-17,174
1998-01-18,350
1998-01-19,617
1998-01-20,613
1998-01-21,561
1998-01-22,196
1998-01-23,74
1998-01-24,270
1998-01-25,630
1998-01-26,466
1998-01-27,230
1998-01-28,387
1998-01-29,211
1998-01-30,470
1998-01-31,645
1998-02-01,940
1998-02-02,324
1998-02-03,647
1998-02-04,718
1998-02-05,873
1998-02-06,1123
1998-02-07,1159
1998-02-08,1182
1998-02-09,1122
1998-02-10,1068
1998-02-11,450
1998-02-12,347
1998-02-13,828
1998-02-14,1287
1998-02-15,745
1998-02-16,-32768
1998-02-17,118
1998-02-18,148
1998-02-19,151
1998-02-20,373
1998-02-21,547
1998-02-22,431
1998-02-23,1165
1998-02-24,512
1998-02-25,1480
1998-02-26,1293
1998-02-27,680
1998-02-28,953
1998-03-01,473
1998-03-02,876
1998-03-03,436
1998-03-04,394
1998-03-05,867
1998-03-06,766
1998-03-07,872
1998-03-08,291
1998-03-09,318
1998-03-10,1525
1998-03-11,1756
1998-03-12,1576
1998-03-13,1386
1998-03-14,709
1998-03-15,1695
1998-03-16,1894
1998-03-17,1772
1998-03-18,183
1998-03-19,156
1998-03-20,493
1998-03-21,389
1998-03-22,911
1998-03-23,1583
1998-03-24,1950
1998-03-25,1874
1998-03-26,1330
1998-03-27,1197
1998-03-28,1415
1998-03-29,1944
1998-03-30,1628
1998-03-31,1308
1998-04-01,1132
1998-04-02,722
1998-04-03,865
1998-04-04,1122
1998-04-05,2317
1998-04-06,2309
1998-04-07,2242
1998-04-08,385
1998-04-09,847
1998-04-10,2396
1998-04-11,2346
1998-04-12,2295
1998-04-13,2115
1998-04-14,1210
1998-04-15,1379
1998-04-16,448
1998-04-17,819
1998-04-18,2275
1998-04-19,596
1998-04-20,2252
1998-04-21,2518
1998-04-22,2502
1998-04-23,2496
1998-04-24,2159
1998-04-25,2592
1998-04-26,1680
1998-04-27,2468
1998-04-28,2607
1998-04-29,2161
1998-04-30,2538
1998-05-01,1495
1998-05-02,1336
1998-05-03,1515
1998-05-04,988
1998-05-05,2244
1998-05-06,2610
1998-05-07,2610
1998-05-08,1572
1998-05-09,2329
1998-05-10,472
1998-05-11,671
1998-05-12,2150
1998-05-13,2579
1998-05-14,2521
1998-05-15,2615
1998-05-16,1785
1998-05-17,2907
1998-05-18,2536
1998-05-19,1580
1998-05-20,2847
1998-05-21,2610
1998-05-22,2368
1998-05-23,3001
1998-05-24,2864
1998-05-25,901
1998-05-26,2355
1998-05-27,2756
1998-05-28,2109
1998-05-29,1875
1998-05-30,2899
1998-05-31,1594
1998-06-01,2762
1998-06-02,1554
1998-06-03,1817
1998-06-04,2060
1998-06-05,2048
1998-06-06,1708
1998-06-07,1229
1998-06-08,2311
1998-06-09,2833
1998-06-10,1160
1998-06-11,1446
1998-06-12,2220
1998-06-13,1608
1998-06-14,2249
1998-06-15,2838
1998-06-16,1309
1998-06-17,1759
1998-06-18,2003
1998-06-19,2818
1998-06-20,2453
1998-06-21,2812
1998-06-22,2237
1998-06-23,1289
1998-06-24,2712
1998-06-25,2117
1998-06-26,2336
1998-06-27,2156
1998-06-28,2270
1998-06-29,2858
1998-06-30,1808
1998-07-01,2967
1998-07-02,2747
1998-07-03,2566
1998-07-04,604
1998-07-05,2964
1998-07-06,1457
1998-07-07,238
1998-07-08,709
1998-07-09,2369
1998-07-10,2903
1998-07-11,2994
1998-07-12,2422
1998-07-13,2775
1998-07-14,2709
1998-07-15,2377
1998-07-16,2058
1998-07-17,1638
1998-07-18,2353
1998-07-19,1574
1998-07-20,2119
1998-07-21,1828
1998-07-22,2116
1998-07-23,1971
1998-07-24,1706
1998-07-25,2329
1998-07-26,2658
1998-07-27,1579
1998-07-28,2523
1998-07-29,2663
1998-07-30,1090
1998-07-31,2517
1998-08-01,2795
1998-08-02,2638
1998-08-03,2489
1998-08-04,2204
1998-08-05,809
1998-08-06,349
1998-08-07,775
1998-08-08,2274
1998-08-09,2057
1998-08-10,888
1998-08-11,2118
1998-08-12,2599
1998-08-13,2606
1998-08-14,2371
1998-08-15,1428
1998-08-16,2549
1998-08-17,2306
1998-08-18,1762
1998-08-19,2538
1998-08-20,2339
1998-08-21,2179
1998-08-22,2064
1998-08-23,837
1998-08-24,1792
1998-08-25,1153
1998-08-26,2099
1998-08-27,2316
1998-08-28,1568
1998-08-29,1522
1998-08-30,1823
1998-08-31,1953
1998-09-01,1969
1998-09-02,1480
1998-09-03,1256
1998-09-04,1908
1998-09-05,2104
1998-09-06,1993
1998-09-07,1668
1998-09-08,1499
1998-09-09,1565
1998-09-10,2104
1998-09-11,1931
1998-09-12,1183
1998-09-13,1690
1998-09-14,1323
1998-09-15,630
1998-09-16,2003
1998-09-17,1982
1998-09-18,1974
1998-09-19,1147
1998-09-20,1489
1998-09-21,1668
1998-09-22,832
1998-09-23,1741
1998-09-24,894
1998-09-25,1194
1998-09-26,785
1998-09-27,869
1998-09-28,1745
1998-09-29,1576
1998-09-30,1483
1998-10-01,1660
1998-10-02,1004
1998-10-03,625
1998-10-04,1733
1998-10-05,1564
1998-10-06,1438
1998-10-07,142
1998-10-08,571
1998-10-09,1486
1998-10-10,1543
1998-10-11,1522
1998-10-12,933
1998-10-13,878
1998-10-14,498
1998-10-15,713
1998-10-16,1353
1998-10-17,486
1998-10-18,532
1998-10-19,787
1998-10-20,1088
1998-10-21,734
1998-10-22,1209
1998-10-23,1276
1998-10-24,1295
1998-10-25,1168
1998-10-26,653
1998-10-27,1072
1998-10-28,601
1998-10-29,1236
1998-10-30,1202
1998-10-31,1216
1998-11-01,1007
1998-11-02,613
1998-11-03,1169
1998-11-04,825
1998-11-05,356
1998-11-06,548
1998-11-07,483
1998-11-08,591
1998-11-09,420
1998-11-10,99
1998-11-11,359
1998-11-12,680
1998-11-13,786
1998-11-14,504
1998-11-15,428
1998-11-16,98
1998-11-17,324
1998-11-18,785
1998-11-19,310
1998-11-20,81
1998-11-21,287
1998-11-22,614
1998-11-23,526
1998-11-24,531
1998-11-25,393
1998-11-26,172
1998-11-27,491
1998-11-28,643
1998-11-29,141
1998-11-30,457
1998-12-01,829
1998-12-02,734
1998-12-03,194
1998-12-04,752
1998-12-05,157
1998-12-06,173
1998-12-07,479
1998-12-08,333
1998-12-09,708
1998-12-10,513
1998-12-11,691
1998-12-12,637
1998-12-13,745
1998-12-14,736
1998-12-15,707
1998-12-16,383
1998-12-17,565
1998-12-18,664
1998-12-19,105
1998-12-20,218
1998-12-21,51
1998-12-22,630
1998-12-23,526
1998-12-24,721
1998-12-25,706
1998-12-26,493
1998-12-27,304
1998-12-28,742
1998-12-29,100
1998-12-30,776
1998-12-31,375
1999-01-01,780
1999-01-02,252
1999-01-03,318
1999-01-04,734
1999-01-05,795
1999-01-06,227
1999-01-07,747
1999-01-08,261
1999-01-09,348
1999-01-10,381
1999-01-11,599
1999-01-12,463
1999-01-13,818
1999-01-14,237
1999-01-15,552
1999-01-16,170
1999-01-17,795
1999-01-18,152
1999-01-19,149
1999-01-20,724
1999-01-21,688
1999-01-22,53
1999-01-23,134
1999-01-24,151
1999-01-25,501
1999-01-26,328
1999-01-27,133
1999-01-28,116
1999-01-29,387
1999-01-30,834
1999-01-31,1093
1999-02-01,-32768
1999-02-02,-32768
1999-02-03,-32768
1999-02-04,-32768
1999-02-05,-32768
1999-02-06,-32768
1999-02-07,-32768
1999-02-08,-32768
1999-02-09,-32768
1999-02-10,-32768
1999-02-11,-32768
1999-02-12,-32768
1999-02-13,-32768
1999-02-14,-32768
1999-02-15,-32768
1999-02-16,-32768
1999-02-17,323
1999-02-18,571
1999-02-19,1364
1999-02-20,1230
1999-02-21,1449
1999-02-22,1454
1999-02-23,1014
1999-02-24,1184
1999-02-25,877
1999-02-26,1426
1999-02-27,1234
1999-02-28,277
1999-03-01,418
1999-03-02,1599
1999-03-03,155
1999-03-04,1317
1999-03-05,1089
1999-03-06,397
1999-03-07,1784
1999-03-08,1755
1999-03-09,719
1999-03-10,1772
1999-03-11,1818
1999-03-12,1839
1999-03-13,-32768
1999-03-14,1758
1999-03-15,1794
1999-03-16,1888
1999-03-17,1475
1999-03-18,586
1999-03-19,1151
1999-03-20,1739
1999-03-21,1518
1999-03-22,500
1999-03-23,1632
1999-03-24,1328
1999-03-25,1767
1999-03-26,1994
1999-03-27,2074
1999-03-28,2154
1999-03-29,1806
1999-03-30,1829
1999-03-31,1943
1999-04-01,801
1999-04-02,404
1999-04-03,1138
1999-04-04,643
1999-04-05,2320
1999-04-06,863
1999-04-07,2237
1999-04-08,2245
1999-04-09,894
1999-04-10,2394
1999-04-11,648
1999-04-12,2393
1999-04-13,2467
1999-04-14,2506
1999-04-15,1848
1999-04-16,518
1999-04-17,1038
1999-04-18,1523
1999-04-19,1557
1999-04-20,1750
1999-04-21,2070
1999-04-22,497
1999-04-23,1104
1999-04-24,2653
1999-04-25,2520
1999-04-26,2675
1999-04-27,2631
1999-04-28,2661
1999-04-29,2725
1999-04-30,2679
1999-05-01,2739
1999-05-02,2723
1999-05-03,2780
1999-05-04,2627
1999-05-05,2653
1999-05-06,1890
1999-05-07,2020
1999-05-08,599
1999-05-09,2554
1999-05-10,2751
1999-05-11,2711
1999-05-12,2214
1999-05-13,2876
1999-05-14,2803
1999-05-15,1700
1999-05-16,2635
1999-05-17,2300
1999-05-18,2226
1999-05-19,-32768
1999-05-20,2844
1999-05-21,2509
1999-05-22,1342
1999-05-23,1014
1999-05-24,467
1999-05-25,504
1999-05-26,929
1999-05-27,2891
1999-05-28,2714
1999-05-29,2965
1999-05-30,2803
1999-05-31,1437
1999-06-01,747
1999-06-02,999
1999-06-03,1608
1999-06-04,2944
1999-06-05,2245
1999-06-06,2188
1999-06-07,2273
1999-06-08,2474
1999-06-09,2675
1999-06-10,2660
1999-06-11,2648
1999-06-12,2761
1999-06-13,2940
1999-06-14,1034
1999-06-15,2842
1999-06-16,2191
1999-06-17,1148
1999-06-18,2221
1999-06-19,2499
1999-06-20,2817
1999-06-21,2963
1999-06-22,3037
1999-06-23,2607
1999-06-24,1544
1999-06-25,2695
1999-06-26,2997
1999-06-27,1127
1999-06-28,2168
1999-06-29,2542
1999-06-30,2005
1999-07-01,1269
1999-07-02,2609
1999-07-03,1668
1999-07-04,2371
1999-07-05,2553
1999-07-06,2104
1999-07-07,2611
1999-07-08,2514
1999-07-09,814
1999-07-10,2142
1999-07-11,2999
1999-07-12,2940
1999-07-13,2899
1999-07-14,2203
1999-07-15,2532
1999-07-16,2547
1999-07-17,2086
1999-07-18,2265
1999-07-19,1029
1999-07-20,2772
1999-07-21,2210
1999-07-22,2641
1999-07-23,2475
1999-07-24,2539
1999-07-25,2134
1999-07-26,2146
1999-07-27,2795
1999-07-28,2619
1999-07-29,2343
1999-07-30,2460
1999-07-31,752
1999-08-01,2655
1999-08-02,2131
1999-08-03,2060
1999-08-04,1006
1999-08-05,2271
1999-08-06,1679
1999-08-07,2280
1999-08-08,2027
1999-08-09,2327
1999-08-10,352
1999-08-11,1267
1999-08-12,2138
1999-08-13,1042
1999-08-14,1281
1999-08-15,2559
1999-08-16,-32768
1999-08-17,-32768
1999-08-18,-32768
1999-08-19,1419
1999-08-20,374
1999-08-21,2075
1999-08-22,2329
1999-08-23,2388
1999-08-24,1762
1999-08-25,954
1999-08-26,1427
1999-08-27,2222
1999-08-28,2162
1999-08-29,1766
1999-08-30,2401
1999-08-31,2319
1999-09-01,2221
1999-09-02,2206
1999-09-03,2172
1999-09-04,1831
1999-09-05,881
1999-09-06,1259
1999-09-07,646
1999-09-08,1754
1999-09-09,1044
1999-09-10,1644
1999-09-11,1526
1999-09-12,2028
1999-09-13,177
1999-09-14,1873
1999-09-15,1439
1999-09-16,948
1999-09-17,2058
1999-09-18,1956
1999-09-19,1901
1999-09-20,484
1999-09-21,1852
1999-09-22,1843
1999-09-23,1266
1999-09-24,1094
1999-09-25,1869
1999-09-26,1753
1999-09-27,1206
1999-09-28,1676
1999-09-29,213
1999-09-30,1459
1999-10-01,1498
1999-10-02,276
1999-10-03,1266
1999-10-04,634
1999-10-05,1407
1999-10-06,1552
1999-10-07,1489
1999-10-08,945
1999-10-09,1317
1999-10-10,633
1999-10-11,1557
1999-10-12,681
1999-10-13,574
1999-10-14,1500
1999-10-15,1323
1999-10-16,1342
1999-10-17,293
1999-10-18,673
1999-10-19,799
1999-10-20,881
1999-10-21,1133
1999-10-22,473
1999-10-23,495
1999-10-24,761
1999-10-25,1164
1999-10-26,1133
1999-10-27,615
1999-10-28,1133
1999-10-29,1051
1999-10-30,1062
1999-10-31,999
1999-11-01,1117
1999-11-02,95
1999-11-03,281
1999-11-04,975
1999-11-05,824
1999-11-06,727
1999-11-07,927
1999-11-08,875
1999-11-09,790
1999-11-10,193
1999-11-11,1044
1999-11-12,374
1999-11-13,387
1999-11-14,508
1999-11-15,294
1999-11-16,826
1999-11-17,728
1999-11-18,467
1999-11-19,624
1999-11-20,214
1999-11-21,264
1999-11-22,462
1999-11-23,674
1999-11-24,582
1999-11-25,518
1999-11-26,94
1999-11-27,409
1999-11-28,497
1999-11-29,664
1999-11-30,805
1999-12-01,795
1999-12-02,179
1999-12-03,243
1999-12-04,223
1999-12-05,128
1999-12-06,137
1999-12-07,194
1999-12-08,508
1999-12-09,684
1999-12-10,253
1999-12-11,527
1999-12-12,443
1999-12-13,458
1999-12-14,64
1999-12-15,340
1999-12-16,468
1999-12-17,747
1999-12-18,569
1999-12-19,699
1999-12-20,30
1999-12-21,639
1999-12-22,466
1999-12-23,570
1999-12-24,727
1999-12-25,364
1999-12-26,497
1999-12-27,603
1999-12-28,159
1999-12-29,622
1999-12-30,692
1999-12-31,239
2000-01-01,621
2000-01-02,132
2000-01-03,258
2000-01-04,230
2000-01-05,809
2000-01-06,315
2000-01-07,587
2000-01-08,679
2000-01-09,137
2000-01-10,97
2000-01-11,310
2000-01-12,564
2000-01-13,526
2000-01-14,811
2000-01-15,256
2000-01-16,638
2000-01-17,873
2000-01-18,311
2000-01-19,542
2000-01-20,450
2000-01-21,924
2000-01-22,893
2000-01-23,121
2000-01-24,963
2000-01-25,646
2000-01-26,758
2000-01-27,1027
2000-01-28,1064
2000-01-29,987
2000-01-30,323
2000-01-31,333
2000-02-01,646
2000-02-02,984
2000-02-03,159
2000-02-04,554
2000-02-05,640
2000-02-06,1143
2000-02-07,1173
2000-02-08,1114
2000-02-09,349
2000-02-10,203
2000-02-11,816
2000-02-12,1344
2000-02-13,311
2000-02-14,318
2000-02-15,1084
2000-02-16,630
2000-02-17,1410
2000-02-18,280
2000-02-19,1136
2000-02-20,709
2000-02-21,1334
2000-02-22,1070
2000-02-23,522
2000-02-24,758
2000-02-25,192
2000-02-26,1015
2000-02-27,503
2000-02-28,850
2000-02-29,1337
2000-03-01,440
2000-03-02,549
2000-03-03,728
2000-03-04,1018
2000-03-05,912
2000-03-06,1658
2000-03-07,933
2000-03-08,1427
2000-03-09,1017
2000-03-10,303
2000-03-11,815
2000-03-12,1638
2000-03-13,1631
2000-03-14,1186
2000-03-15,419
2000-03-16,518
2000-03-17,1983
2000-03-18,1971
2000-03-19,1183
2000-03-20,1302
2000-03-21,1573
2000-03-22,1736
2000-03-23,1230
2000-03-24,2027
2000-03-25,1576
2000-03-26,1756
2000-03-27,446
2000-03-28,1299
2000-03-29,736
2000-03-30,1306
2000-03-31,2205
2000-04-01,1454
2000-04-02,545
2000-04-03,438
2000-04-04,600
2000-04-05,895
2000-04-06,829
2000-04-07,1356
2000-04-08,274
2000-04-09,2452
2000-04-10,634
2000-04-11,550
2000-04-12,1941
2000-04-13,2213
2000-04-14,2078
2000-04-15,1861
2000-04-16,526
2000-04-17,446
2000-04-18,485
2000-04-19,1168
2000-04-20,205
2000-04-21,267
2000-04-22,379
2000-04-23,2479
2000-04-24,2654
2000-04-25,2694
2000-04-26,2619
2000-04-27,2325
2000-04-28,2615
2000-04-29,2623
2000-04-30,2704
2000-05-01,591
2000-05-02,2643
2000-05-03,2662
2000-05-04,1450
2000-05-05,1806
2000-05-06,2278
2000-05-07,1956
2000-05-08,1817
2000-05-09,1516
2000-05-10,986
2000-05-11,1902
2000-05-12,1662
2000-05-13,1177
2000-05-14,1543
2000-05-15,2273
2000-05-16,932
2000-05-17,2701
2000-05-18,515
2000-05-19,1836
2000-05-20,858
2000-05-21,2497
2000-05-22,2342
2000-05-23,376
2000-05-24,2031
2000-05-25,1351
2000-05-26,1918
2000-05-27,2490
2000-05-28,2245
2000-05-29,2936
2000-05-30,2551
2000-05-31,1400
2000-06-01,1143
2000-06-02,1819
2000-06-03,2945
2000-06-04,2262
2000-06-05,1185
2000-06-06,1060
2000-06-07,2411
2000-06-08,1788
2000-06-09,1144
2000-06-10,2665
2000-06-11,751
2000-06-12,1742
2000-06-13,420
2000-06-14,2160
2000-06-15,1709
2000-06-16,2709
2000-06-17,2287
2000-06-18,971
2000-06-19,1991
2000-06-20,2702
2000-06-21,1447
2000-06-22,1847
2000-06-23,2927
2000-06-24,928
2000-06-25,2306
2000-06-26,2647
2000-06-27,2568
2000-06-28,2269
2000-06-29,939
2000-06-30,2764
2000-07-01,2635
2000-07-02,2289
2000-07-03,804
2000-07-04,2398
2000-07-05,3026
2000-07-06,2147
2000-07-07,2628
2000-07-08,2803
2000-07-09,625
2000-07-10,2470
2000-07-11,2757
2000-07-12,2805
2000-07-13,2366
2000-07-14,1224
2000-07-15,2158
2000-07-16,2060
2000-07-17,2031
2000-07-18,2563
2000-07-19,1750
2000-07-20,2681
2000-07-21,1761
2000-07-22,1539
2000-07-23,2840
2000-07-24,2413
2000-07-25,2734
2000-07-26,2645
2000-07-27,2486
2000-07-28,1408
2000-07-29,1854
2000-07-30,766
2000-07-31,1227
2000-08-01,1194
2000-08-02,1666
2000-08-03,2484
2000-08-04,2265
2000-08-05,2693
2000-08-06,463
2000-08-07,1821
2000-08-08,1977
2000-08-09,1626
2000-08-10,2155
2000-08-11,1925
2000-08-12,2097
2000-08-13,2458
2000-08-14,1997
2000-08-15,1939
2000-08-16,1867
2000-08-17,1980
2000-08-18,1150
2000-08-19,1909
2000-08-20,2414
2000-08-21,2418
2000-08-22,1930
2000-08-23,1146
2000-08-24,2202
2000-08-25,2344
2000-08-26,852
2000-08-27,1166
2000-08-28,2156
2000-08-29,2126
2000-08-30,1574
2000-08-31,2156
2000-09-01,2071
2000-09-02,368
2000-09-03,656
2000-09-04,1872
2000-09-05,2312
2000-09-06,2312
2000-09-07,2189
2000-09-08,577
2000-09-09,1738
2000-09-10,1226
2000-09-11,1931
2000-09-12,639
2000-09-13,2056
2000-09-14,337
2000-09-15,1728
2000-09-16,-32768
2000-09-17,1632
2000-09-18,1931
2000-09-19,1846
2000-09-20,1570
2000-09-21,819
2000-09-22,1624
2000-09-23,493
2000-09-24,1510
2000-09-25,1348
2000-09-26,1792
2000-09-27,1311
2000-09-28,1804
2000-09-29,1702
2000-09-30,1585
2000-10-01,1583
2000-10-02,931
2000-10-03,1686
2000-10-04,722
2000-10-05,376
2000-10-06,590
2000-10-07,934
2000-10-08,1388
2000-10-09,1005
2000-10-10,1218
2000-10-11,1515
2000-10-12,1519
2000-10-13,749
2000-10-14,1133
2000-10-15,277
2000-10-16,415
2000-10-17,174
2000-10-18,1048
2000-10-19,1379
2000-10-20,1288
2000-10-21,1328
2000-10-22,1380
2000-10-23,942
2000-10-24,378
2000-10-25,550
2000-10-26,750
2000-10-27,631
2000-10-28,1292
2000-10-29,1274
2000-10-30,1222
2000-10-31,1114
2000-11-01,1145
2000-11-02,1073
2000-11-03,820
2000-11-04,405
2000-11-05,979
2000-11-06,1090
2000-11-07,708
2000-11-08,304
2000-11-09,98
2000-11-10,130
2000-11-11,932
2000-11-12,337
2000-11-13,225
2000-11-14,450
2000-11-15,429
2000-11-16,201
2000-11-17,578
2000-11-18,467
2000-11-19,549
2000-11-20,569
2000-11-21,584
2000-11-22,494
2000-11-23,591
2000-11-24,366
2000-11-25,625
2000-11-26,66
2000-11-27,177
2000-11-28,86
2000-11-29,489
2000-11-30,460
2000-12-01,579
2000-12-02,828
2000-12-03,811
2000-12-04,678
2000-12-05,483
2000-12-06,589
2000-12-07,557
2000-12-08,305
2000-12-09,747
2000-12-10,342
2000-12-11,168
2000-12-12,665
2000-12-13,311
2000-12-14,377
2000-12-15,290
2000-12-16,147
2000-12-17,104
2000-12-18,593
2000-12-19,272
2000-12-20,757
2000-12-21,304
2000-12-22,617
2000-12-23,533
2000-12-24,588
2000-12-25,661
2000-12-26,528
2000-12-27,382
2000-12-28,617
2000-12-29,449
2000-12-30,367
2000-12-31,507
