Date,Variable
1986-01-01,270.81073
1986-01-02,267.13632
1986-01-03,265.74597
1986-01-04,263.83887000000004
1986-01-05,263.5479
1986-01-06,261.54803
1986-01-07,259.40378
1986-01-08,265.4171
1986-01-09,264.67197000000004
1986-01-10,260.55225
1986-01-11,262.83365
1986-01-12,262.1303
1986-01-13,257.28775
1986-01-14,263.55246
1986-01-15,261.08513999999997
1986-01-16,260.65735
1986-01-17,255.75988999999998
1986-01-18,257.64799999999997
1986-01-19,265.2265
1986-01-20,265.14092999999997
1986-01-21,272.9864
1986-01-22,260.40616
1986-01-23,262.67157000000003
1986-01-24,258.3566
1986-01-25,260.66763
1986-01-26,254.50406
1986-01-27,257.0841
1986-01-28,259.75793
1986-01-29,258.91605
1986-01-30,261.16864
1986-01-31,265.1196
1986-02-01,270.10577
1986-02-02,270.65662000000003
1986-02-03,270.9498
1986-02-04,277.33347000000003
1986-02-05,273.55957
1986-02-06,269.5115
1986-02-07,271.46188
1986-02-08,261.09787
1986-02-09,269.9207
1986-02-10,276.25336
1986-02-11,275.3454
1986-02-12,274.46338
1986-02-13,280.39835
1986-02-14,274.8064
1986-02-15,273.31964
1986-02-16,280.5
1986-02-17,276.28638
1986-02-18,273.8445
1986-02-19,273.18863
1986-02-20,273.93273999999997
1986-02-21,276.41083
1986-02-22,273.64398
1986-02-23,272.06696
1986-02-24,274.30026000000004
1986-02-25,276.13013
1986-02-26,275.34445
1986-02-27,277.8953
1986-02-28,281.9395
1986-03-01,282.5363
1986-03-02,271.63116
1986-03-03,271.74802
1986-03-04,283.88315
1986-03-05,278.013
1986-03-06,275.61566
1986-03-07,277.32166
1986-03-08,279.2026
1986-03-09,272.85098
1986-03-10,273.59927000000005
1986-03-11,276.8148
1986-03-12,275.57288
1986-03-13,278.02814
1986-03-14,279.55667
1986-03-15,274.64432
1986-03-16,285.52115
1986-03-17,287.15884
1986-03-18,285.1975
1986-03-19,274.30362
1986-03-20,274.50632
1986-03-21,277.6667
1986-03-22,281.1441
1986-03-23,278.3035
1986-03-24,277.74155
1986-03-25,273.91385
1986-03-26,272.8449
1986-03-27,273.0137
1986-03-28,275.50347999999997
1986-03-29,283.6004
1986-03-30,275.93076
1986-03-31,275.18213
1986-04-01,279.46082
1986-04-02,279.50802999999996
1986-04-03,283.89767
1986-04-04,277.23163
1986-04-05,273.27835
1986-04-06,275.2993
1986-04-07,273.53647
1986-04-08,272.17352
1986-04-09,275.28845
1986-04-10,280.79474
1986-04-11,283.69894
1986-04-12,288.58987
1986-04-13,279.07785
1986-04-14,272.8841
1986-04-15,271.50073
1986-04-16,277.96198
1986-04-17,281.77617999999995
1986-04-18,287.3215
1986-04-19,286.20502
1986-04-20,279.02542
1986-04-21,274.9459
1986-04-22,273.88504
1986-04-23,279.42312999999996
1986-04-24,289.72055
1986-04-25,289.6829
1986-04-26,282.03693
1986-04-27,284.87247
1986-04-28,287.7666
1986-04-29,281.8091
1986-04-30,283.9286
1986-05-01,283.6384
1986-05-02,283.52032
1986-05-03,283.4802
1986-05-04,288.02832
1986-05-05,283.6876
1986-05-06,284.25345
1986-05-07,280.03217
1986-05-08,280.00165
1986-05-09,275.93195
1986-05-10,277.99426
1986-05-11,281.7657
1986-05-12,278.6784
1986-05-13,281.2211
1986-05-14,285.1809
1986-05-15,283.83664
1986-05-16,281.08737
1986-05-17,278.97763
1986-05-18,280.53397
1986-05-19,282.7283
1986-05-20,284.26288
1986-05-21,280.38547
1986-05-22,285.55147999999997
1986-05-23,284.02127
1986-05-24,283.39136
1986-05-25,284.44684
1986-05-26,287.2223
1986-05-27,293.25897000000003
1986-05-28,298.0689
1986-05-29,289.0736
1986-05-30,286.30994
1986-05-31,290.11852999999996
1986-06-01,289.9899
1986-06-02,291.6449
1986-06-03,283.64313
1986-06-04,281.5646
1986-06-05,282.06705
1986-06-06,284.59933
1986-06-07,289.43396
1986-06-08,292.18896
1986-06-09,292.3503
1986-06-10,292.1348
1986-06-11,291.75827000000004
1986-06-12,297.1501
1986-06-13,289.14914
1986-06-14,287.4476
1986-06-15,286.94788
1986-06-16,288.3039
1986-06-17,288.66602
1986-06-18,293.25555
1986-06-19,298.4871
1986-06-20,291.51077000000004
1986-06-21,293.2057
1986-06-22,302.5195
1986-06-23,295.53612999999996
1986-06-24,293.37866
1986-06-25,293.87717000000004
1986-06-26,295.36807000000005
1986-06-27,300.44086
1986-06-28,299.0495
1986-06-29,297.78244
1986-06-30,295.74155
1986-07-01,291.30902000000003
1986-07-02,290.97247000000004
1986-07-03,296.60242
1986-07-04,294.2857
1986-07-05,294.32697
1986-07-06,293.1618
1986-07-07,293.6974
1986-07-08,290.92517000000004
1986-07-09,292.36664
1986-07-10,294.89853
1986-07-11,294.8559
1986-07-12,295.288
1986-07-13,291.25133999999997
1986-07-14,292.4169
1986-07-15,287.1603
1986-07-16,286.51755
1986-07-17,287.93262000000004
1986-07-18,287.55115
1986-07-19,287.65146
1986-07-20,287.54807
1986-07-21,289.26807
1986-07-22,290.3173
1986-07-23,290.25424
1986-07-24,289.8515
1986-07-25,289.72516
1986-07-26,291.16785
1986-07-27,292.06107000000003
1986-07-28,294.13324
1986-07-29,297.65502999999995
1986-07-30,298.11932
1986-07-31,294.07294
1986-08-01,291.37964
1986-08-02,295.9141
1986-08-03,293.24033
1986-08-04,292.62054
1986-08-05,303.88684
1986-08-06,302.38934
1986-08-07,292.0832
1986-08-08,291.39185
1986-08-09,290.8389
1986-08-10,296.06777999999997
1986-08-11,293.70346
1986-08-12,294.15722999999997
1986-08-13,301.0905
1986-08-14,304.95242
1986-08-15,301.8192
1986-08-16,304.83227999999997
1986-08-17,304.20166
1986-08-18,303.29102
1986-08-19,302.7778
1986-08-20,297.75232
1986-08-21,295.54266
1986-08-22,297.85162
1986-08-23,298.49014
1986-08-24,294.5306
1986-08-25,291.35815
1986-08-26,292.998
1986-08-27,296.4723
1986-08-28,291.4578
1986-08-29,289.89645
1986-08-30,293.33286
1986-08-31,291.42264
1986-09-01,289.08627
1986-09-02,290.41272000000004
1986-09-03,288.4193
1986-09-04,285.16876
1986-09-05,288.56216
1986-09-06,292.9548
1986-09-07,290.6783
1986-09-08,289.2393
1986-09-09,284.37906
1986-09-10,285.0052
1986-09-11,289.69986
1986-09-12,293.03873
1986-09-13,293.82065
1986-09-14,295.12344
1986-09-15,299.77344
1986-09-16,294.15783999999996
1986-09-17,295.00195
1986-09-18,301.14822000000004
1986-09-19,299.19934
1986-09-20,296.05978
1986-09-21,290.40134
1986-09-22,285.90587999999997
1986-09-23,287.04935
1986-09-24,288.9916
1986-09-25,292.61166000000003
1986-09-26,294.70694
1986-09-27,293.17892
1986-09-28,284.93994
1986-09-29,286.8891
1986-09-30,285.90207000000004
1986-10-01,288.2615
1986-10-02,291.4548
1986-10-03,291.927
1986-10-04,288.83297999999996
1986-10-05,285.45306
1986-10-06,283.16864
1986-10-07,281.92307
1986-10-08,287.92767000000003
1986-10-09,289.1277
1986-10-10,294.47192
1986-10-11,291.68987999999996
1986-10-12,294.53116
1986-10-13,280.97897
1986-10-14,281.19495
1986-10-15,284.60904
1986-10-16,284.59845
1986-10-17,284.51364
1986-10-18,283.9037
1986-10-19,281.8119
1986-10-20,284.5988
1986-10-21,283.65573
1986-10-22,283.97632000000004
1986-10-23,288.5431
1986-10-24,290.39655
1986-10-25,285.12802
1986-10-26,290.9455
1986-10-27,290.0087
1986-10-28,287.0797
1986-10-29,285.53735
1986-10-30,286.49478
1986-10-31,277.53772000000004
1986-11-01,276.85986
1986-11-02,278.31212999999997
1986-11-03,276.37384
1986-11-04,276.93228
1986-11-05,276.2561
1986-11-06,276.92435
1986-11-07,274.66553
1986-11-08,274.42477
1986-11-09,273.23357999999996
1986-11-10,273.72317999999996
1986-11-11,277.94684
1986-11-12,279.7275
1986-11-13,275.03705
1986-11-14,273.3013
1986-11-15,271.84722999999997
1986-11-16,273.1657
1986-11-17,274.12708
1986-11-18,273.25417999999996
1986-11-19,273.69742
1986-11-20,272.2429
1986-11-21,272.4945
1986-11-22,276.57552999999996
1986-11-23,277.44617
1986-11-24,276.90362999999996
1986-11-25,277.36395
1986-11-26,273.47153
1986-11-27,271.91974
1986-11-28,271.5329
1986-11-29,270.23492000000005
1986-11-30,270.87436
1986-12-01,272.1412
1986-12-02,272.02747
1986-12-03,281.46506
1986-12-04,280.18102999999996
1986-12-05,276.45416
1986-12-06,278.94473
1986-12-07,275.2771
1986-12-08,274.5361
1986-12-09,275.31744
1986-12-10,275.04614
1986-12-11,272.21375
1986-12-12,271.40674
1986-12-13,273.10083
1986-12-14,268.3387
1986-12-15,268.47806
1986-12-16,273.0089
1986-12-17,269.9914
1986-12-18,266.6026
1986-12-19,267.39246
1986-12-20,264.64328
1986-12-21,271.90173
1986-12-22,273.49
1986-12-23,275.62344
1986-12-24,272.9586
1986-12-25,269.86444
1986-12-26,274.01498
1986-12-27,275.22497999999996
1986-12-28,273.83582
1986-12-29,275.66287
1986-12-30,272.24118
1986-12-31,267.0316
1987-01-01,269.16046
1987-01-02,267.1096
1987-01-03,257.8691
1987-01-04,267.80585
1987-01-05,267.10617
1987-01-06,266.65814
1987-01-07,265.39127
1987-01-08,270.55005
1987-01-09,274.52872
1987-01-10,273.51645
1987-01-11,265.42883
1987-01-12,266.08557
1987-01-13,266.5336
1987-01-14,270.61145
1987-01-15,276.3
1987-01-16,276.51874
1987-01-17,274.63065
1987-01-18,279.54657000000003
1987-01-19,273.96133
1987-01-20,270.60200000000003
1987-01-21,269.5727
1987-01-22,271.21432000000004
1987-01-23,273.62286
1987-01-24,273.31467000000004
1987-01-25,273.43518
1987-01-26,274.52625
1987-01-27,273.09875
1987-01-28,268.8911
1987-01-29,266.91486000000003
1987-01-30,267.64307
1987-01-31,269.47385
1987-02-01,270.05515
1987-02-02,271.55343999999997
1987-02-03,270.67072
1987-02-04,273.393
1987-02-05,277.3974
1987-02-06,276.14267
1987-02-07,271.67334
1987-02-08,273.18964
1987-02-09,271.1702
1987-02-10,273.7455
1987-02-11,276.36005
1987-02-12,279.46274
1987-02-13,280.1651
1987-02-14,274.73053
1987-02-15,273.4129
1987-02-16,275.13622999999995
1987-02-17,277.47415
1987-02-18,277.98972000000003
1987-02-19,276.79400000000004
1987-02-20,281.28997999999996
1987-02-21,273.55072
1987-02-22,270.41888
1987-02-23,262.27484
1987-02-24,271.3632
1987-02-25,268.13428
1987-02-26,266.0024
1987-02-27,262.23328
1987-02-28,256.74585
1987-03-01,266.8263
1987-03-02,267.61856
1987-03-03,269.23217999999997
1987-03-04,273.56445
1987-03-05,268.33234
1987-03-06,267.14432
1987-03-07,266.96472
1987-03-08,265.21976
1987-03-09,274.60806
1987-03-10,272.2139
1987-03-11,276.8641
1987-03-12,273.46353
1987-03-13,276.79135
1987-03-14,283.37256
1987-03-15,280.1368
1987-03-16,273.40375
1987-03-17,271.0479
1987-03-18,270.85175
1987-03-19,273.94293
1987-03-20,269.177
1987-03-21,263.86874
1987-03-22,270.36562999999995
1987-03-23,281.45727999999997
1987-03-24,286.51416
1987-03-25,281.92337000000003
1987-03-26,283.02686
1987-03-27,278.83386
1987-03-28,282.78317000000004
1987-03-29,278.22017999999997
1987-03-30,277.70486
1987-03-31,276.2363
1987-04-01,280.31537000000003
1987-04-02,284.60882999999995
1987-04-03,280.36072
1987-04-04,281.57422
1987-04-05,280.91832999999997
1987-04-06,281.04935
1987-04-07,281.168
1987-04-08,281.467
1987-04-09,280.87915
1987-04-10,279.55383
1987-04-11,278.44266
1987-04-12,277.92114
1987-04-13,277.5258
1987-04-14,278.90897
1987-04-15,280.22803
1987-04-16,280.244
1987-04-17,282.00977
1987-04-18,281.67102
1987-04-19,281.5764
1987-04-20,281.4306
1987-04-21,284.2981
1987-04-22,286.56967000000003
1987-04-23,287.39542
1987-04-24,285.92102
1987-04-25,286.3121
1987-04-26,288.04247999999995
1987-04-27,281.66747999999995
1987-04-28,278.036
1987-04-29,281.4633
1987-04-30,285.49612
1987-05-01,279.86887
1987-05-02,277.11526000000003
1987-05-03,280.93958
1987-05-04,281.468
1987-05-05,279.64606000000003
1987-05-06,283.92447000000004
1987-05-07,289.5178
1987-05-08,282.00046000000003
1987-05-09,280.85046
1987-05-10,283.0784
1987-05-11,282.98196
1987-05-12,282.69347999999997
1987-05-13,282.59427
1987-05-14,283.93292
1987-05-15,285.369
1987-05-16,292.49442
1987-05-17,293.2096
1987-05-18,285.47388
1987-05-19,285.60934
1987-05-20,292.03687
1987-05-21,290.665
1987-05-22,297.14636
1987-05-23,298.94702
1987-05-24,297.79846000000003
1987-05-25,295.23877000000005
1987-05-26,289.5177
1987-05-27,283.99683
1987-05-28,279.32068
1987-05-29,280.68732
1987-05-30,283.841
1987-05-31,288.68484
1987-06-01,287.7463
1987-06-02,290.56638
1987-06-03,291.76904
1987-06-04,289.83
1987-06-05,295.31052
1987-06-06,292.10098
1987-06-07,287.4309
1987-06-08,288.91472999999996
1987-06-09,287.26056
1987-06-10,288.21402
1987-06-11,292.00153
1987-06-12,293.40533
1987-06-13,292.85757
1987-06-14,289.50595
1987-06-15,291.21405
1987-06-16,296.966
1987-06-17,297.52213
1987-06-18,297.14557
1987-06-19,288.09393
1987-06-20,286.19745
1987-06-21,284.1573
1987-06-22,284.2658
1987-06-23,288.51865
1987-06-24,294.13205
1987-06-25,294.5178
1987-06-26,300.56055
1987-06-27,293.26025
1987-06-28,291.81744
1987-06-29,290.90378
1987-06-30,287.58054
1987-07-01,289.2115
1987-07-02,289.37753
1987-07-03,295.76486
1987-07-04,297.06296000000003
1987-07-05,298.3499
1987-07-06,297.68036
1987-07-07,295.54467999999997
1987-07-08,292.40143
1987-07-09,289.99057
1987-07-10,290.79416000000003
1987-07-11,295.55527
1987-07-12,296.02752999999996
1987-07-13,292.21878
1987-07-14,292.71564
1987-07-15,296.7725
1987-07-16,298.7053
1987-07-17,295.84625
1987-07-18,291.11298
1987-07-19,291.2562
1987-07-20,293.84372
1987-07-21,292.1588
1987-07-22,299.07898
1987-07-23,297.77557
1987-07-24,296.84045
1987-07-25,294.2805
1987-07-26,292.26523
1987-07-27,296.45718
1987-07-28,294.7132
1987-07-29,292.09177
1987-07-30,293.23053
1987-07-31,296.1201
1987-08-01,296.31335
1987-08-02,298.03302
1987-08-03,300.35168
1987-08-04,294.56717000000003
1987-08-05,289.34753
1987-08-06,294.5258
1987-08-07,293.80773999999997
1987-08-08,292.3294
1987-08-09,298.63599999999997
1987-08-10,301.08127
1987-08-11,302.62564
1987-08-12,303.38583
1987-08-13,303.3439
1987-08-14,299.9798
1987-08-15,302.04907000000003
1987-08-16,295.09055
1987-08-17,293.45617999999996
1987-08-18,293.69788
1987-08-19,294.92647999999997
1987-08-20,299.59412000000003
1987-08-21,300.83299999999997
1987-08-22,299.7848
1987-08-23,298.32425
1987-08-24,301.8829
1987-08-25,295.93887
1987-08-26,294.91455
1987-08-27,296.2521
1987-08-28,294.8015
1987-08-29,291.68634
1987-08-30,296.14133
1987-08-31,299.38037
1987-09-01,296.1885
1987-09-02,296.88653999999997
1987-09-03,299.64896
1987-09-04,292.08502000000004
1987-09-05,290.28775
1987-09-06,291.60406
1987-09-07,298.41663
1987-09-08,291.68958
1987-09-09,289.18164
1987-09-10,287.48203
1987-09-11,293.03134
1987-09-12,299.3801
1987-09-13,299.3132
1987-09-14,294.43695
1987-09-15,294.0272
1987-09-16,299.90967
1987-09-17,290.579
1987-09-18,289.58725
1987-09-19,288.3818
1987-09-20,286.88782000000003
1987-09-21,287.9182
1987-09-22,289.38452
1987-09-23,290.09238
1987-09-24,289.9614
1987-09-25,288.73376
1987-09-26,289.73944
1987-09-27,287.84143
1987-09-28,286.91022000000004
1987-09-29,286.6819
1987-09-30,289.0507
1987-10-01,284.02136
1987-10-02,286.40762
1987-10-03,281.6495
1987-10-04,281.7632
1987-10-05,281.44412
1987-10-06,284.4423
1987-10-07,276.98944
1987-10-08,276.03506
1987-10-09,282.6028
1987-10-10,286.3159
1987-10-11,285.30457
1987-10-12,283.85464
1987-10-13,282.60815
1987-10-14,283.998
1987-10-15,282.1036
1987-10-16,282.94427
1987-10-17,287.3066
1987-10-18,281.52673
1987-10-19,281.10907000000003
1987-10-20,284.82462000000004
1987-10-21,285.0223
1987-10-22,282.43805
1987-10-23,288.84082
1987-10-24,289.811
1987-10-25,277.5491
1987-10-26,280.09546
1987-10-27,275.30267000000003
1987-10-28,277.46207000000004
1987-10-29,282.29172
1987-10-30,275.60544
1987-10-31,275.77792
1987-11-01,282.16534
1987-11-02,275.20425
1987-11-03,275.75616
1987-11-04,284.16568
1987-11-05,279.00372000000004
1987-11-06,278.9736
1987-11-07,276.58822999999995
1987-11-08,286.20453
1987-11-09,275.533
1987-11-10,271.6147
1987-11-11,273.43462999999997
1987-11-12,274.11862
1987-11-13,277.33162999999996
1987-11-14,275.585
1987-11-15,275.07034
1987-11-16,271.85687
1987-11-17,272.64655
1987-11-18,272.60593
1987-11-19,272.9881
1987-11-20,275.2468
1987-11-21,276.90252999999996
1987-11-22,272.57635
1987-11-23,273.37216
1987-11-24,274.2288
1987-11-25,274.11505
1987-11-26,271.71927
1987-11-27,279.55508
1987-11-28,282.00494
1987-11-29,275.56403
1987-11-30,274.51648
1987-12-01,274.13354
1987-12-02,276.7326
1987-12-03,271.3517
1987-12-04,270.04907000000003
1987-12-05,272.30408
1987-12-06,267.06012000000004
1987-12-07,267.40698
1987-12-08,267.93102999999996
1987-12-09,268.2956
1987-12-10,274.01367
1987-12-11,270.8671
1987-12-12,273.2414
1987-12-13,272.6696
1987-12-14,273.17166000000003
1987-12-15,271.81244
1987-12-16,269.72675
1987-12-17,274.5599
1987-12-18,275.27907999999996
1987-12-19,272.10306
1987-12-20,269.22604
1987-12-21,269.84897
1987-12-22,273.8686
1987-12-23,280.85837000000004
1987-12-24,276.9232
1987-12-25,276.5374
1987-12-26,274.6379
1987-12-27,273.42755
1987-12-28,276.22033999999996
1987-12-29,277.06717000000003
1987-12-30,273.65457000000004
1987-12-31,278.73135
1988-01-01,270.36
1988-01-02,273.46082
1988-01-03,272.11282
1988-01-04,272.81564
1988-01-05,265.30362
1988-01-06,270.4291
1988-01-07,271.85614
1988-01-08,269.32547
1988-01-09,271.98376
1988-01-10,266.37445
1988-01-11,269.61514
1988-01-12,276.4463
1988-01-13,272.37323
1988-01-14,274.1663
1988-01-15,272.83325
1988-01-16,271.8884
1988-01-17,266.11492999999996
1988-01-18,262.03802
1988-01-19,265.8046
1988-01-20,263.3104
1988-01-21,270.1643
1988-01-22,274.93137
1988-01-23,272.66302
1988-01-24,273.75012000000004
1988-01-25,274.6406
1988-01-26,273.5497
1988-01-27,275.27686
1988-01-28,276.13226000000003
1988-01-29,269.37332000000004
1988-01-30,271.08092999999997
1988-01-31,262.25622999999996
1988-02-01,261.01376
1988-02-02,264.1212
1988-02-03,265.87225
1988-02-04,273.18576
1988-02-05,276.40582
1988-02-06,267.5606
1988-02-07,264.04648
1988-02-08,264.1002
1988-02-09,262.52657999999997
1988-02-10,267.61365
1988-02-11,264.95026
1988-02-12,266.64795
1988-02-13,267.7708
1988-02-14,265.36868
1988-02-15,274.3219
1988-02-16,276.6972
1988-02-17,276.7846
1988-02-18,261.45772999999997
1988-02-19,263.18823
1988-02-20,273.33755
1988-02-21,276.96985
1988-02-22,272.9779
1988-02-23,278.01122999999995
1988-02-24,279.73895
1988-02-25,267.33255
1988-02-26,264.04544
1988-02-27,270.68216
1988-02-28,273.77783
1988-03-01,272.17593
1988-03-02,270.9509
1988-03-03,271.87247
1988-03-04,270.88684
1988-03-05,278.1657
1988-03-06,273.5279
1988-03-07,274.08472
1988-03-08,272.33813
1988-03-09,273.93093999999996
1988-03-10,276.36688
1988-03-11,272.1159
1988-03-12,271.10645
1988-03-13,273.13599999999997
1988-03-14,275.95926000000003
1988-03-15,272.35995
1988-03-16,272.7563
1988-03-17,273.4599
1988-03-18,272.23532
1988-03-19,273.30508
1988-03-20,276.0989
1988-03-21,272.61008
1988-03-22,272.13055
1988-03-23,272.3478
1988-03-24,271.1815
1988-03-25,267.9203
1988-03-26,277.0076
1988-03-27,275.6099
1988-03-28,275.08704
1988-03-29,274.1833
1988-03-30,276.18246
1988-03-31,275.9135
1988-04-01,274.20694
1988-04-02,276.6466
1988-04-03,278.21875
1988-04-04,277.7402
1988-04-05,280.18118
1988-04-06,282.9911
1988-04-07,277.34982
1988-04-08,278.41315
1988-04-09,279.26746
1988-04-10,277.6568
1988-04-11,283.6813
1988-04-12,293.03213999999997
1988-04-13,287.81958
1988-04-14,279.9132
1988-04-15,282.49106
1988-04-16,288.7861
1988-04-17,291.44867
1988-04-18,287.60532
1988-04-19,284.1449
1988-04-20,281.23767000000004
1988-04-21,282.75876
1988-04-22,286.01232999999996
1988-04-23,290.00607
1988-04-24,290.97542999999996
1988-04-25,290.51883
1988-04-26,289.14484
1988-04-27,279.13388
1988-04-28,275.67812999999995
1988-04-29,276.8782
1988-04-30,278.13242
1988-05-01,283.18945
1988-05-02,291.80872
1988-05-03,288.87048
1988-05-04,285.15405
1988-05-05,283.3503
1988-05-06,285.77887000000004
1988-05-07,284.32727
1988-05-08,283.55518
1988-05-09,283.62462999999997
1988-05-10,283.31476000000004
1988-05-11,284.64713
1988-05-12,280.11987
1988-05-13,278.7948
1988-05-14,282.34833
1988-05-15,284.71347000000003
1988-05-16,287.5984
1988-05-17,288.47208
1988-05-18,284.97583
1988-05-19,285.281
1988-05-20,285.39325
1988-05-21,286.6571
1988-05-22,285.94794
1988-05-23,286.13892000000004
1988-05-24,284.34848
1988-05-25,282.67206
1988-05-26,280.73782
1988-05-27,282.5267
1988-05-28,286.5566
1988-05-29,285.59087999999997
1988-05-30,284.25876
1988-05-31,289.50494
1988-06-01,295.3018
1988-06-02,294.6757
1988-06-03,293.73315
1988-06-04,298.2872
1988-06-05,294.02063
1988-06-06,294.272
1988-06-07,296.82867000000005
1988-06-08,297.21667
1988-06-09,297.3723
1988-06-10,289.79553
1988-06-11,294.23495
1988-06-12,295.68362
1988-06-13,295.3932
1988-06-14,298.2813
1988-06-15,299.15735
1988-06-16,295.15262
1988-06-17,298.0363
1988-06-18,295.0621
1988-06-19,293.78104
1988-06-20,294.91016
1988-06-21,294.4487
1988-06-22,287.66803
1988-06-23,288.27704
1988-06-24,292.4608
1988-06-25,297.58957000000004
1988-06-26,295.11325
1988-06-27,297.3867
1988-06-28,298.18523999999996
1988-06-29,298.22687
1988-06-30,295.913
1988-07-01,295.63235
1988-07-02,298.37366000000003
1988-07-03,301.2967
1988-07-04,302.01184
1988-07-05,300.54343
1988-07-06,300.43097
1988-07-07,297.40963999999997
1988-07-08,294.30997
1988-07-09,294.19777999999997
1988-07-10,303.14236
1988-07-11,300.56244
1988-07-12,301.5169
1988-07-13,289.62567
1988-07-14,290.89914
1988-07-15,292.02797999999996
1988-07-16,294.44802999999996
1988-07-17,298.40527000000003
1988-07-18,300.5829
1988-07-19,296.8005
1988-07-20,294.49627999999996
1988-07-21,294.00372000000004
1988-07-22,296.86346000000003
1988-07-23,298.10446
1988-07-24,303.25705
1988-07-25,304.0474
1988-07-26,303.44897000000003
1988-07-27,301.68054
1988-07-28,293.75916
1988-07-29,293.64725
1988-07-30,300.182
1988-07-31,296.1317
1988-08-01,297.3713
1988-08-02,299.60162
1988-08-03,299.95114
1988-08-04,300.698
1988-08-05,296.9074
1988-08-06,293.17883
1988-08-07,292.3753
1988-08-08,294.64856000000003
1988-08-09,298.2223
1988-08-10,300.81534
1988-08-11,293.56256
1988-08-12,292.98022000000003
1988-08-13,292.78796
1988-08-14,296.20847000000003
1988-08-15,295.28238
1988-08-16,290.37946
1988-08-17,292.82596
1988-08-18,297.6115
1988-08-19,301.52856
1988-08-20,296.70172
1988-08-21,291.02844
1988-08-22,290.17562999999996
1988-08-23,289.733
1988-08-24,298.61124
1988-08-25,295.40292
1988-08-26,295.30273
1988-08-27,296.91934
1988-08-28,299.70502
1988-08-29,301.93295
1988-08-30,299.69006
1988-08-31,298.4149
1988-09-01,295.33727999999996
1988-09-02,292.86404
1988-09-03,293.59354
1988-09-04,293.57953
1988-09-05,293.83
1988-09-06,297.17908
1988-09-07,289.64758
1988-09-08,287.80343999999997
1988-09-09,288.08362
1988-09-10,292.7107
1988-09-11,299.57736
1988-09-12,298.3258
1988-09-13,297.95795
1988-09-14,286.46477999999996
1988-09-15,283.71506
1988-09-16,289.21277000000003
1988-09-17,288.49426
1988-09-18,294.0956
1988-09-19,298.07153
1988-09-20,296.37377999999995
1988-09-21,298.8945
1988-09-22,289.11148
1988-09-23,285.13802999999996
1988-09-24,288.67877000000004
1988-09-25,285.79004
1988-09-26,281.95676000000003
1988-09-27,285.70477
1988-09-28,294.95032000000003
1988-09-29,287.514
1988-09-30,288.36615
1988-10-01,282.92285
1988-10-02,283.3112
1988-10-03,280.49155
1988-10-04,285.6738
1988-10-05,288.35852
1988-10-06,282.29263
1988-10-07,281.70636
1988-10-08,283.21576
1988-10-09,284.81866
1988-10-10,281.08975
1988-10-11,281.2523
1988-10-12,284.90362999999996
1988-10-13,283.45142000000004
1988-10-14,280.72922
1988-10-15,284.41125
1988-10-16,288.26047
1988-10-17,288.85193
1988-10-18,290.0091
1988-10-19,287.81433
1988-10-20,281.87036
1988-10-21,277.08212000000003
1988-10-22,276.80782999999997
1988-10-23,276.53455
1988-10-24,280.66965
1988-10-25,282.64342999999997
1988-10-26,279.1762
1988-10-27,273.27286000000004
1988-10-28,272.67786
1988-10-29,277.78735
1988-10-30,275.3567
1988-10-31,273.94208
1988-11-01,276.1646
1988-11-02,276.14477999999997
1988-11-03,277.44772
1988-11-04,280.86404
1988-11-05,281.22983
1988-11-06,278.16315
1988-11-07,278.0866
1988-11-08,281.8649
1988-11-09,287.71127
1988-11-10,279.19617
1988-11-11,276.30817
1988-11-12,276.2003
1988-11-13,274.28643999999997
1988-11-14,273.55093
1988-11-15,272.37402000000003
1988-11-16,273.11798
1988-11-17,275.99133
1988-11-18,275.94824
1988-11-19,281.34087999999997
1988-11-20,282.6294
1988-11-21,280.42938
1988-11-22,280.112
1988-11-23,278.88903999999997
1988-11-24,279.0224
1988-11-25,277.6622
1988-11-26,282.57907
1988-11-27,276.5582
1988-11-28,272.301
1988-11-29,272.89648
1988-11-30,276.2169
1988-12-01,278.0716
1988-12-02,281.10422
1988-12-03,281.87
1988-12-04,276.2476
1988-12-05,275.39725
1988-12-06,274.27954
1988-12-07,277.61566
1988-12-08,275.97867
1988-12-09,271.8782
1988-12-10,272.35544
1988-12-11,274.9257
1988-12-12,269.56784
1988-12-13,267.7874
1988-12-14,271.56046000000003
1988-12-15,272.23724
1988-12-16,275.6125
1988-12-17,271.32903999999996
1988-12-18,267.76514
1988-12-19,268.34064
1988-12-20,269.39092999999997
1988-12-21,272.62633999999997
1988-12-22,271.22305
1988-12-23,276.2439
1988-12-24,274.68216
1988-12-25,271.93712999999997
1988-12-26,267.8494
1988-12-27,271.55887
1988-12-28,275.82318
1988-12-29,274.41812000000004
1988-12-30,272.51294
1988-12-31,273.9002
1989-01-01,274.24554
1989-01-02,275.95833999999996
1989-01-03,273.24005
1989-01-04,272.56573
1989-01-05,274.0575
1989-01-06,275.99307000000005
1989-01-07,278.40732
1989-01-08,269.90713999999997
1989-01-09,269.59622
1989-01-10,271.66785
1989-01-11,271.13354
1989-01-12,273.42755
1989-01-13,277.41677999999996
1989-01-14,275.46622
1989-01-15,283.95493
1989-01-16,285.7997
1989-01-17,281.83713
1989-01-18,279.5004
1989-01-19,275.31662
1989-01-20,284.91357
1989-01-21,279.16272000000004
1989-01-22,266.88766
1989-01-23,260.5581
1989-01-24,265.42654
1989-01-25,266.12714
1989-01-26,265.39856000000003
1989-01-27,265.55624
1989-01-28,268.79073999999997
1989-01-29,265.906
1989-01-30,269.81067
1989-01-31,269.3871
1989-02-01,270.23082999999997
1989-02-02,267.81723
1989-02-03,268.3225
1989-02-04,273.29587000000004
1989-02-05,271.782
1989-02-06,264.5715
1989-02-07,261.02725
1989-02-08,260.2168
1989-02-09,261.97733
1989-02-10,258.86578
1989-02-11,265.09946
1989-02-12,258.77417
1989-02-13,256.7251
1989-02-14,267.33615
1989-02-15,269.9757
1989-02-16,266.14822000000004
1989-02-17,259.7093
1989-02-18,268.422
1989-02-19,263.95056
1989-02-20,269.79318
1989-02-21,273.40738
1989-02-22,272.2484
1989-02-23,270.56894
1989-02-24,273.4033
1989-02-25,273.73044
1989-02-26,276.22177
1989-02-27,272.7833
1989-02-28,273.8244
1989-03-01,277.82254
1989-03-02,277.63364
1989-03-03,273.67728
1989-03-04,273.0686
1989-03-05,272.79407000000003
1989-03-06,275.76617000000005
1989-03-07,270.71957000000003
1989-03-08,263.6217
1989-03-09,266.41974
1989-03-10,268.60825
1989-03-11,269.45682
1989-03-12,271.06872999999996
1989-03-13,272.06516
1989-03-14,270.29306
1989-03-15,269.61782999999997
1989-03-16,269.09783999999996
1989-03-17,276.6839
1989-03-18,271.35703
1989-03-19,266.45422
1989-03-20,266.04852
1989-03-21,268.88144
1989-03-22,272.462
1989-03-23,272.0669
1989-03-24,269.6118
1989-03-25,272.6887
1989-03-26,273.3607
1989-03-27,274.51837
1989-03-28,274.9344
1989-03-29,273.0136
1989-03-30,271.25186
1989-03-31,275.2171
1989-04-01,273.03848
1989-04-02,272.1528
1989-04-03,275.0368
1989-04-04,271.03222999999997
1989-04-05,270.4809
1989-04-06,270.38925
1989-04-07,270.15625
1989-04-08,272.70932
1989-04-09,279.18857
1989-04-10,276.96326
1989-04-11,277.1218
1989-04-12,278.59362999999996
1989-04-13,274.3559
1989-04-14,274.05893
1989-04-15,274.3837
1989-04-16,274.75638
1989-04-17,274.82547
1989-04-18,278.47684
1989-04-19,280.45392000000004
1989-04-20,279.07776
1989-04-21,277.37842
1989-04-22,279.1721
1989-04-23,283.60837000000004
1989-04-24,280.88394
1989-04-25,281.5209
1989-04-26,289.295
1989-04-27,284.1844
1989-04-28,278.93523999999996
1989-04-29,275.89847000000003
1989-04-30,276.99277
1989-05-01,277.9953
1989-05-02,285.26147000000003
1989-05-03,286.43532999999996
1989-05-04,281.19086
1989-05-05,280.7955
1989-05-06,284.45535
1989-05-07,286.58374
1989-05-08,292.0777
1989-05-09,285.62415
1989-05-10,281.6263
1989-05-11,282.22687
1989-05-12,283.094
1989-05-13,282.87592
1989-05-14,286.1048
1989-05-15,285.16832999999997
1989-05-16,285.70102
1989-05-17,284.98145
1989-05-18,284.54736
1989-05-19,288.62222
1989-05-20,291.8096
1989-05-21,289.8854
1989-05-22,288.9563
1989-05-23,296.5609
1989-05-24,289.0702
1989-05-25,291.70383
1989-05-26,289.65695
1989-05-27,284.96786000000003
1989-05-28,284.28763
1989-05-29,291.24164
1989-05-30,295.2901
1989-05-31,292.85278
1989-06-01,296.94534
1989-06-02,297.59927000000005
1989-06-03,298.48212
1989-06-04,297.56287000000003
1989-06-05,291.60706
1989-06-06,291.4824
1989-06-07,294.1836
1989-06-08,292.78927999999996
1989-06-09,287.73907
1989-06-10,291.5925
1989-06-11,289.71547999999996
1989-06-12,294.25982999999997
1989-06-13,291.28366
1989-06-14,288.4013
1989-06-15,293.031
1989-06-16,289.63824
1989-06-17,288.39508
1989-06-18,288.24658
1989-06-19,288.42663999999996
1989-06-20,292.23758
1989-06-21,295.00055
1989-06-22,290.17447000000004
1989-06-23,288.97418
1989-06-24,291.3267
1989-06-25,297.0012
1989-06-26,292.76514
1989-06-27,291.0857
1989-06-28,292.49594
1989-06-29,294.29044
1989-06-30,288.96713
1989-07-01,290.403
1989-07-02,296.70047
1989-07-03,303.5041
1989-07-04,299.2811
1989-07-05,298.28314
1989-07-06,298.9794
1989-07-07,300.4289
1989-07-08,299.35367
1989-07-09,298.79343
1989-07-10,294.3306
1989-07-11,290.55447000000004
1989-07-12,293.3495
1989-07-13,295.9761
1989-07-14,301.09485
1989-07-15,302.9081
1989-07-16,302.12747
1989-07-17,295.22437
1989-07-18,291.21777000000003
1989-07-19,290.75992
1989-07-20,292.70462000000003
1989-07-21,296.2371
1989-07-22,299.586
1989-07-23,300.0508
1989-07-24,295.38025
1989-07-25,291.66898
1989-07-26,291.09337999999997
1989-07-27,287.23407000000003
1989-07-28,291.1466
1989-07-29,289.94864
1989-07-30,288.07816
1989-07-31,288.70853
1989-08-01,290.9557
1989-08-02,293.22583
1989-08-03,293.98276
1989-08-04,294.89563
1989-08-05,297.17602999999997
1989-08-06,298.32034
1989-08-07,298.6384
1989-08-08,292.2027
1989-08-09,290.49282999999997
1989-08-10,288.83263999999997
1989-08-11,288.77704
1989-08-12,288.0761
1989-08-13,289.0112
1989-08-14,289.00802999999996
1989-08-15,288.27472
1989-08-16,293.619
1989-08-17,297.81796
1989-08-18,294.55872
1989-08-19,293.68887
1989-08-20,292.86755
1989-08-21,291.9284
1989-08-22,291.07703
1989-08-23,292.3907
1989-08-24,291.24802
1989-08-25,291.08755
1989-08-26,288.68332000000004
1989-08-27,287.87433
1989-08-28,290.25113
1989-08-29,291.06265
1989-08-30,293.37207
1989-08-31,295.55316
1989-09-01,296.34558
1989-09-02,289.58987
1989-09-03,289.53656
1989-09-04,286.34824
1989-09-05,290.39633
1989-09-06,291.86037999999996
1989-09-07,292.78
1989-09-08,293.94167999999996
1989-09-09,297.05414
1989-09-10,293.85497999999995
1989-09-11,288.24512000000004
1989-09-12,286.19284
1989-09-13,294.07022
1989-09-14,293.6082
1989-09-15,287.2521
1989-09-16,284.91427999999996
1989-09-17,287.05383
1989-09-18,286.7286
1989-09-19,284.5649
1989-09-20,288.50607
1989-09-21,286.94113
1989-09-22,287.52727999999996
1989-09-23,294.31305
1989-09-24,288.62527
1989-09-25,283.73624
1989-09-26,286.38312
1989-09-27,286.1369
1989-09-28,279.96286000000003
1989-09-29,280.57223999999997
1989-09-30,281.7595
1989-10-01,285.05978
1989-10-02,283.7849
1989-10-03,278.11893
1989-10-04,278.37143
1989-10-05,286.05742999999995
1989-10-06,285.4345
1989-10-07,283.0544
1989-10-08,286.60406
1989-10-09,291.7428
1989-10-10,290.83444
1989-10-11,290.7471
1989-10-12,282.811
1989-10-13,285.3467
1989-10-14,287.4579
1989-10-15,279.7862
1989-10-16,279.33948
1989-10-17,284.764
1989-10-18,280.0394
1989-10-19,279.10165
1989-10-20,279.82687000000004
1989-10-21,280.99124
1989-10-22,280.9467
1989-10-23,283.9151
1989-10-24,284.3543
1989-10-25,284.66168
1989-10-26,284.4353
1989-10-27,283.3345
1989-10-28,282.6777
1989-10-29,285.11514
1989-10-30,285.2313
1989-10-31,285.0049
1989-11-01,285.78442
1989-11-02,279.02013999999997
1989-11-03,277.0043
1989-11-04,282.80484
1989-11-05,276.8342
1989-11-06,274.0028
1989-11-07,273.89294
1989-11-08,274.61005
1989-11-09,274.4776
1989-11-10,275.84167
1989-11-11,275.74387
1989-11-12,273.27075
1989-11-13,276.72116
1989-11-14,275.78116
1989-11-15,274.0531
1989-11-16,276.79492
1989-11-17,285.67688
1989-11-18,278.5407
1989-11-19,274.62256
1989-11-20,272.61255
1989-11-21,274.88156000000004
1989-11-22,271.1824
1989-11-23,269.07312
1989-11-24,270.58426000000003
1989-11-25,271.4416
1989-11-26,273.10904
1989-11-27,273.68607000000003
1989-11-28,273.37964
1989-11-29,274.86492999999996
1989-11-30,274.64026
1989-12-01,275.6269
1989-12-02,277.93756
1989-12-03,272.85406
1989-12-04,270.59612999999996
1989-12-05,269.7728
1989-12-06,269.5798
1989-12-07,269.52554
1989-12-08,270.13354
1989-12-09,272.33942
1989-12-10,273.8846
1989-12-11,273.05707
1989-12-12,273.3948
1989-12-13,273.54297
1989-12-14,273.41055
1989-12-15,272.93158
1989-12-16,274.25946
1989-12-17,271.81723
1989-12-18,268.46367999999995
1989-12-19,272.01974
1989-12-20,273.69916
1989-12-21,273.06885
1989-12-22,273.2596
1989-12-23,273.70703
1989-12-24,273.1573
1989-12-25,271.94583
1989-12-26,272.32312
1989-12-27,273.6486
1989-12-28,275.3756
1989-12-29,274.58493
1989-12-30,271.56876
1989-12-31,271.66900000000004
1990-01-01,268.9655
1990-01-02,264.88135
1990-01-03,263.77045
1990-01-04,261.04956
1990-01-05,261.69345
1990-01-06,265.88205
1990-01-07,272.82455
1990-01-08,271.15502999999995
1990-01-09,274.09314
1990-01-10,270.4889
1990-01-11,266.82083
1990-01-12,268.19604
1990-01-13,265.40378
1990-01-14,263.103
1990-01-15,270.79266
1990-01-16,273.7875
1990-01-17,270.0516
1990-01-18,271.13723999999996
1990-01-19,267.92163
1990-01-20,267.1959
1990-01-21,265.4726
1990-01-22,261.17374
1990-01-23,269.2514
1990-01-24,263.07727
1990-01-25,268.04123
1990-01-26,266.70914
1990-01-27,266.49515
1990-01-28,268.63153
1990-01-29,269.78683
1990-01-30,271.39645
1990-01-31,273.49802
1990-02-01,265.9296
1990-02-02,264.99417
1990-02-03,269.61227
1990-02-04,271.14954
1990-02-05,270.7087
1990-02-06,264.27386
1990-02-07,261.3629
1990-02-08,260.43445
1990-02-09,262.68246
1990-02-10,266.82473999999996
1990-02-11,268.22815
1990-02-12,270.2628
1990-02-13,264.4346
1990-02-14,264.7867
1990-02-15,261.9623
1990-02-16,259.94635
1990-02-17,262.19678
1990-02-18,268.89676000000003
1990-02-19,270.11395
1990-02-20,270.86884
1990-02-21,272.0849
1990-02-22,268.6118
1990-02-23,276.4406
1990-02-24,269.55515
1990-02-25,264.66818
1990-02-26,260.61453
1990-02-27,262.40616
1990-02-28,270.15738
1990-03-01,274.9935
1990-03-02,272.63614
1990-03-03,273.57732999999996
1990-03-04,280.4509
1990-03-05,280.79272000000003
1990-03-06,268.2598
1990-03-07,261.58463
1990-03-08,267.08453
1990-03-09,270.2354
1990-03-10,273.44016
1990-03-11,275.2148
1990-03-12,279.47656
1990-03-13,279.82138
1990-03-14,281.94727
1990-03-15,272.13776
1990-03-16,272.64874
1990-03-17,274.94495
1990-03-18,276.06796
1990-03-19,274.79193
1990-03-20,276.2365
1990-03-21,279.2375
1990-03-22,283.82935
1990-03-23,280.62924
1990-03-24,282.0303
1990-03-25,283.344
1990-03-26,279.9208
1990-03-27,275.24893
1990-03-28,276.65738
1990-03-29,278.40814
1990-03-30,278.02924
1990-03-31,278.89526
1990-04-01,273.32977
1990-04-02,272.05948
1990-04-03,272.57797
1990-04-04,273.89398
1990-04-05,275.84
1990-04-06,276.61014
1990-04-07,280.35717999999997
1990-04-08,279.58853
1990-04-09,272.01337
1990-04-10,271.72964
1990-04-11,271.945
1990-04-12,274.24307000000005
1990-04-13,277.0196
1990-04-14,277.59198
1990-04-15,279.69052
1990-04-16,278.7789
1990-04-17,274.17862
1990-04-18,274.47336
1990-04-19,278.4941
1990-04-20,283.0019
1990-04-21,276.43994
1990-04-22,274.78705
1990-04-23,277.55557000000005
1990-04-24,276.7471
1990-04-25,278.1236
1990-04-26,278.6215
1990-04-27,280.16107
1990-04-28,283.18985
1990-04-29,289.1538
1990-04-30,286.9134
1990-05-01,281.32977
1990-05-02,282.03195
1990-05-03,280.25797
1990-05-04,279.26666
1990-05-05,279.01538
1990-05-06,280.86093
1990-05-07,283.55602999999996
1990-05-08,293.33713
1990-05-09,284.1485
1990-05-10,281.84682999999995
1990-05-11,282.3468
1990-05-12,284.11813
1990-05-13,282.99924
1990-05-14,281.5359
1990-05-15,280.80197000000004
1990-05-16,283.80508
1990-05-17,285.0606
1990-05-18,285.53958
1990-05-19,282.79200000000003
1990-05-20,285.17398
1990-05-21,288.25692999999995
1990-05-22,289.34167
1990-05-23,289.96997000000005
1990-05-24,296.3125
1990-05-25,298.23215
1990-05-26,299.56326
1990-05-27,296.87018
1990-05-28,294.69946
1990-05-29,295.15466000000004
1990-05-30,301.45917000000003
1990-05-31,300.1075
1990-06-01,299.73357999999996
1990-06-02,296.7298
1990-06-03,295.3246
1990-06-04,298.0994
1990-06-05,298.24728
1990-06-06,291.48785
1990-06-07,288.38855
1990-06-08,289.95227
1990-06-09,292.70715
1990-06-10,295.25597999999997
1990-06-11,294.84753
1990-06-12,291.4322
1990-06-13,291.6543
1990-06-14,288.27942
1990-06-15,290.7682
1990-06-16,294.4339
1990-06-17,289.70636
1990-06-18,290.39493
1990-06-19,290.5097
1990-06-20,293.0895
1990-06-21,286.81577000000004
1990-06-22,286.6119
1990-06-23,289.40524
1990-06-24,296.01047
1990-06-25,298.79346
1990-06-26,298.9911
1990-06-27,298.36447000000004
1990-06-28,297.16675
1990-06-29,294.15955
1990-06-30,296.70935
1990-07-01,301.99936
1990-07-02,304.47873
1990-07-03,303.0048
1990-07-04,300.5562
1990-07-05,300.69333
1990-07-06,297.6883
1990-07-07,291.9343
1990-07-08,294.43445
1990-07-09,294.63156000000004
1990-07-10,290.46887000000004
1990-07-11,293.7751
1990-07-12,295.61215
1990-07-13,290.875
1990-07-14,292.87512000000004
1990-07-15,294.4679
1990-07-16,296.38297
1990-07-17,294.21582
1990-07-18,293.38235
1990-07-19,292.75208
1990-07-20,294.34097
1990-07-21,298.2124
1990-07-22,299.76486
1990-07-23,298.96878
1990-07-24,300.22897
1990-07-25,298.9993
1990-07-26,294.97354
1990-07-27,296.0315
1990-07-28,294.45833999999996
1990-07-29,295.2946
1990-07-30,299.4395
1990-07-31,296.26587
1990-08-01,292.54992999999996
1990-08-02,295.5635
1990-08-03,297.10822
1990-08-04,290.6056
1990-08-05,287.86157000000003
1990-08-06,288.3099
1990-08-07,289.06818
1990-08-08,289.24997
1990-08-09,288.79462
1990-08-10,291.37512000000004
1990-08-11,290.88452
1990-08-12,288.278
1990-08-13,287.98557
1990-08-14,290.73596000000003
1990-08-15,299.61652000000004
1990-08-16,294.85900000000004
1990-08-17,297.81757000000005
1990-08-18,300.38055
1990-08-19,304.07535
1990-08-20,305.4614
1990-08-21,298.93604
1990-08-22,294.15707000000003
1990-08-23,294.68222000000003
1990-08-24,299.23355
1990-08-25,296.18405
1990-08-26,295.4223
1990-08-27,298.14597000000003
1990-08-28,298.29657000000003
1990-08-29,294.1114
1990-08-30,291.77765
1990-08-31,291.62415
1990-09-01,291.92107999999996
1990-09-02,292.30542
1990-09-03,292.42992999999996
1990-09-04,294.59134
1990-09-05,299.23022000000003
1990-09-06,301.63705
1990-09-07,296.8257
1990-09-08,298.13647000000003
1990-09-09,299.1408
1990-09-10,294.19732999999997
1990-09-11,296.4175
1990-09-12,300.8233
1990-09-13,301.01977999999997
1990-09-14,301.77615
1990-09-15,300.02463
1990-09-16,295.582
1990-09-17,296.86215
1990-09-18,289.44888
1990-09-19,281.4564
1990-09-20,280.6292
1990-09-21,282.16132000000005
1990-09-22,283.43546000000003
1990-09-23,283.80518
1990-09-24,285.6506
1990-09-25,287.86746
1990-09-26,286.65994
1990-09-27,286.53717
1990-09-28,290.98557
1990-09-29,290.52367999999996
1990-09-30,286.28323
1990-10-01,284.15475
1990-10-02,281.7188
1990-10-03,278.4974
1990-10-04,281.4505
1990-10-05,281.2198
1990-10-06,278.2595
1990-10-07,281.99667
1990-10-08,283.26117
1990-10-09,281.48416000000003
1990-10-10,282.93256
1990-10-11,283.15767999999997
1990-10-12,286.3941
1990-10-13,282.46936
1990-10-14,287.53354
1990-10-15,292.4385
1990-10-16,291.0839
1990-10-17,284.24863
1990-10-18,280.9048
1990-10-19,277.63095
1990-10-20,276.64606000000003
1990-10-21,278.6758
1990-10-22,282.67773
1990-10-23,280.62723
1990-10-24,279.3943
1990-10-25,281.05078
1990-10-26,275.6246
1990-10-27,274.15674
1990-10-28,273.80695
1990-10-29,275.89435
1990-10-30,275.00403
1990-10-31,276.8102
1990-11-01,279.81692999999996
1990-11-02,279.9915
1990-11-03,280.6579
1990-11-04,281.90012
1990-11-05,283.65448
1990-11-06,277.77756
1990-11-07,275.64456
1990-11-08,272.2495
1990-11-09,270.7194
1990-11-10,269.5412
1990-11-11,279.86773999999997
1990-11-12,278.8311
1990-11-13,274.52078
1990-11-14,279.36835
1990-11-15,277.42902000000004
1990-11-16,275.87982
1990-11-17,279.75757000000004
1990-11-18,279.25957999999997
1990-11-19,277.86197000000004
1990-11-20,276.09533999999996
1990-11-21,279.1386
1990-11-22,278.279
1990-11-23,275.28292999999996
1990-11-24,273.80066
1990-11-25,278.00604
1990-11-26,276.40335
1990-11-27,270.98895
1990-11-28,273.57004
1990-11-29,273.8462
1990-11-30,273.45746
1990-12-01,273.51498
1990-12-02,275.3879
1990-12-03,273.83704
1990-12-04,273.4958
1990-12-05,274.38507000000004
1990-12-06,272.79047
1990-12-07,273.95367000000005
1990-12-08,277.22033999999996
1990-12-09,272.45178
1990-12-10,270.70096
1990-12-11,269.84454
1990-12-12,273.47647
1990-12-13,273.25943
1990-12-14,272.11786
1990-12-15,275.8986
1990-12-16,272.10327
1990-12-17,273.42725
1990-12-18,273.4263
1990-12-19,267.8403
1990-12-20,269.75244
1990-12-21,273.7602
1990-12-22,270.6318
1990-12-23,274.03082
1990-12-24,272.4978
1990-12-25,271.4085
1990-12-26,269.0424
1990-12-27,269.98382999999995
1990-12-28,267.9265
1990-12-29,264.79672
1990-12-30,266.99637
1990-12-31,273.37042
