date,max_temperature_normal,max_temperature_observed,min_temperature_normal,min_temperature_observed,max_relative_humidity_normal,max_relative_humidity_observed,min_relative_humidity_normal,min_relative_humidity_observed,max_wind_speed_normal,max_wind_speed_observed,min_wind_speed_normal,min_wind_speed_observed,precipitation_normal,precipitation_observed,rain_normal,rain_observed,snow_normal,snow_observed,snow_on_ground_normal,snow_on_ground_observed
1990-01-01,-2.66,2.7516129032258063,-11.24,-4.3451612903225785,90.02,90.61290322580645,66.99,66.58064516129032,31.01,32.96774193548387,6.0,6.03225806451613,46.68,1.1838709677419357,18.86,0.7451612903225806,33.02,0.4129032258064516,7.9,1.6129032258064515
1990-02-01,-1.7,0.9607142857142852,-10.63,-8.007142857142858,89.94,89.42857142857143,65.35,59.464285714285715,29.38,30.535714285714285,5.61,4.714285714285714,45.14,2.7464285714285714,20.16,1.6785714285714286,26.33,0.9285714285714286,7.7,5.678571428571429
1990-03-01,3.47,5.051612903225808,-5.54,-3.8451612903225807,90.15,88.16129032258064,60.27,58.225806451612904,29.64,26.548387096774192,5.18,4.354838709677419,57.22,0.9258064516129029,34.52,0.7967741935483872,20.81,0.14193548387096774,3.1,1.3548387096774193
1990-04-01,11.42,13.723333333333334,0.56,2.76,88.57,86.93333333333334,49.5,50.7,30.5,30.36666666666667,4.5,6.366666666666666,64.38,1.7666666666666666,56.35,1.6933333333333331,7.3,0.08666666666666667,0.3,0.0
1990-05-01,18.48,17.30645161290322,6.19,5.893548387096776,88.5,87.58064516129032,46.83,43.612903225806456,26.68,28.096774193548388,3.16,2.4516129032258065,67.0,2.7935483870967746,66.78,2.7935483870967746,0.14,0.0,0.0,0.0
1990-06-01,23.62,24.57333333333333,11.1,12.726666666666668,89.99,88.53333333333332,48.63,45.4,24.88,27.86666666666667,2.4,3.7666666666666666,68.42,2.313333333333333,68.42,2.313333333333333,0.0,0.0,0.0,0.0
1990-07-01,26.74,26.612903225806452,14.18,15.093548387096776,90.4,86.35483870967742,47.33,45.451612903225815,23.46,26.193548387096772,2.18,3.0967741935483866,77.8,2.206451612903225,77.8,2.206451612903225,0.0,0.0,0.0,0.0
1990-08-01,25.52,25.709677419354836,13.37,14.86451612903226,93.25,92.67741935483869,50.39,53.70967741935484,22.6,21.451612903225808,2.08,2.806451612903226,81.74,3.6322580645161286,81.74,3.6322580645161286,0.0,0.0,0.0,0.0
1990-09-01,21.04,20.763333333333332,9.44,9.806666666666667,94.06,93.93333333333334,54.31,56.6,23.88,23.7,2.37,2.933333333333333,73.02,1.4266666666666663,73.02,1.4266666666666663,0.0,0.0,0.0,0.0
1990-10-01,14.16,14.55483870967742,3.63,4.261290322580645,93.45,91.45161290322581,57.57,56.451612903225815,25.09,27.548387096774192,3.16,4.193548387096774,62.12,2.832258064516129,60.97,2.832258064516129,1.12,0.0,0.0,0.0
1990-11-01,7.16,9.32333333333333,-0.75,-0.23666666666666664,93.22,91.16666666666669,65.91,59.26666666666666,27.85,30.3,4.71,5.7666666666666675,70.91,1.3200000000000005,64.79,1.2866666666666668,6.73,0.05333333333333333,0.3,0.03333333333333333
1990-12-01,0.24,3.270967741935484,-7.55,-5.167741935483869,91.87,91.0,69.74,66.16129032258064,29.11,28.225806451612907,5.31,4.225806451612904,62.33,3.6387096774193552,35.6,2.629032258064516,30.68,0.929032258064516,4.1,1.935483870967742
1991-01-01,-2.5,-1.6709677419354836,-11.11,-9.693548387096774,89.99,89.45161290322581,66.77,64.58064516129032,31.08,30.87096774193548,6.03,7.451612903225807,45.62,1.0838709677419354,18.51,0.3645161290322581,32.28,0.7935483870967742,7.6,4.935483870967742
1991-02-01,-1.64,1.882142857142856,-10.64,-6.717857142857143,89.93,90.39285714285714,65.03,62.39285714285714,29.35,28.107142857142854,5.51,4.857142857142857,45.53,0.8392857142857143,20.83,0.10357142857142856,25.91,0.8571428571428571,7.6,2.7857142857142856
1991-03-01,3.68,6.058064516129031,-5.31,-2.8096774193548395,90.22,87.41935483870968,60.2,54.612903225806456,29.63,28.838709677419356,5.12,6.612903225806452,56.88,3.1645161290322585,35.11,2.838709677419355,19.9,0.30322580645161284,2.8,0.5483870967741935
1991-04-01,11.47,13.436666666666667,0.57,3.8733333333333326,88.39,87.2,49.34,50.6,30.47,26.9,4.65,4.933333333333334,63.99,3.8466666666666662,55.98,3.823333333333333,7.29,0.013333333333333334,0.3,0.0
1991-05-01,18.44,22.325806451612912,6.09,10.29677419354839,88.29,87.83870967741936,46.36,48.354838709677416,26.81,23.903225806451612,3.2,1.935483870967742,65.99,2.6967741935483875,65.77,2.6967741935483875,0.14,0.0,0.0,0.0
1991-06-01,23.64,26.173333333333336,11.12,13.81,90.05,82.3,48.66,42.36666666666667,24.92,24.7,2.44,3.1,68.88,0.8133333333333332,68.88,0.8133333333333332,0.0,0.0,0.0,0.0
1991-07-01,26.75,27.522580645161295,14.22,15.809677419354838,90.35,87.22580645161291,47.33,42.61290322580645,23.44,24.29032258064516,2.19,1.1935483870967742,76.62,2.9354838709677415,76.62,2.9354838709677415,0.0,0.0,0.0,0.0
1991-08-01,25.5,26.593548387096767,13.39,15.545161290322582,93.32,89.80645161290323,50.66,50.32258064516129,22.45,24.677419354838708,2.08,2.5161290322580645,84.17,2.948387096774194,84.17,2.948387096774194,0.0,0.0,0.0,0.0
1991-09-01,20.95,21.000000000000007,9.37,8.703333333333335,94.18,88.86666666666666,54.64,44.8,23.83,25.73333333333333,2.36,1.8,74.23,1.7366666666666668,74.23,1.7366666666666668,0.0,0.0,0.0,0.0
1991-10-01,14.12,15.403225806451616,3.63,5.322580645161291,93.44,89.19354838709677,57.84,51.612903225806456,25.13,25.967741935483872,3.18,2.806451612903226,63.12,1.4935483870967743,61.98,1.4935483870967743,1.11,0.0,0.0,0.0
1991-11-01,7.15,6.386666666666668,-0.81,-1.5233333333333334,93.19,90.63333333333334,65.86,63.63333333333333,27.76,28.1,4.69,5.066666666666666,70.33,1.8766666666666667,64.32,1.4166666666666667,6.43,0.6066666666666667,0.3,0.5666666666666667
1991-12-01,0.39,2.1935483870967745,-7.41,-6.883870967741935,92.01,91.03225806451613,69.83,65.93548387096774,29.01,29.516129032258068,5.24,2.0,65.51,1.4419354838709677,38.28,0.43225806451612897,31.11,1.0967741935483872,4.0,3.4838709677419355
1992-01-01,-2.43,-0.7741935483870964,-11.02,-7.590322580645162,90.15,92.96774193548387,66.91,72.25806451612904,31.05,26.580645161290327,6.12,4.290322580645161,46.38,1.2000000000000002,18.88,0.4387096774193549,32.59,0.8580645161290321,7.7,6.548387096774193
1992-02-01,-1.62,-0.0068965517241376005,-10.61,-7.796551724137932,89.93,91.86206896551724,64.9,69.10344827586206,29.3,25.58620689655172,5.51,2.586206896551724,44.34,1.206896551724138,19.53,0.8137931034482758,25.93,0.3448275862068965,7.6,1.862068965517241
1992-03-01,3.75,3.5354838709677416,-5.28,-5.777419354838709,90.11,89.61290322580645,60.03,55.25806451612904,29.45,27.225806451612907,5.16,4.612903225806452,57.59,0.6999999999999998,37.38,0.532258064516129,19.12,0.21290322580645166,2.7,0.16129032258064516
1992-04-01,11.63,9.926666666666666,0.68,1.1700000000000002,88.21,90.2,49.06,53.16666666666666,30.29,26.0,4.66,2.1333333333333333,64.57,4.46,57.48,4.446666666666667,6.49,0.020000000000000004,0.2,0.06666666666666668
1992-05-01,18.6,18.348387096774193,6.25,6.258064516129032,88.28,87.90322580645163,46.55,46.032258064516135,26.49,23.580645161290327,3.12,1.0967741935483872,66.64,2.248387096774194,66.44,2.248387096774194,0.12,0.0,0.0,0.0
1992-06-01,23.72,22.600000000000005,11.18,10.113333333333333,89.87,86.36666666666666,48.5,45.03333333333333,24.75,23.63333333333333,2.42,2.433333333333333,66.93,1.24,66.93,1.24,0.0,0.0,0.0,0.0
1992-07-01,26.77,22.887096774193548,14.23,13.12903225806451,90.21,92.16129032258064,47.02,54.774193548387096,23.45,22.161290322580644,2.19,0.935483870967742,76.97,4.338709677419355,76.97,4.338709677419355,0.0,0.0,0.0,0.0
1992-08-01,25.5,22.980645161290322,13.42,12.790322580645164,93.21,93.74193548387095,50.56,57.612903225806456,22.42,22.258064516129032,2.1,0.8064516129032258,85.34,4.9806451612903215,85.34,4.9806451612903215,0.0,0.0,0.0,0.0
1992-09-01,20.8,20.18,9.22,9.103333333333332,94.07,94.73333333333332,54.38,58.16666666666666,23.77,24.766666666666666,2.34,1.2,74.56,3.28,74.56,3.28,0.0,0.0,0.0,0.0
1992-10-01,14.03,12.506451612903225,3.62,2.274193548387097,93.38,93.90322580645163,57.91,56.903225806451616,25.02,25.258064516129032,3.16,1.935483870967742,64.17,2.129032258064516,63.03,2.103225806451613,1.11,0.012903225806451613,0.0,0.0
1992-11-01,7.1,5.873333333333334,-0.8,-0.2966666666666669,93.12,94.1,65.92,70.6,27.7,25.9,4.74,3.033333333333333,70.49,3.5733333333333333,64.13,3.146666666666667,6.88,0.4533333333333334,0.3,0.8333333333333334
1992-12-01,0.41,1.3806451612903223,-7.43,-4.619354838709677,91.98,91.96774193548387,69.75,68.3225806451613,28.88,24.806451612903228,5.02,2.677419354838709,65.46,2.1451612903225805,37.69,0.7709677419354838,31.73,1.3741935483870968,4.0,4.516129032258065
1993-01-01,-2.38,-0.13225806451612898,-10.87,-7.761290322580645,90.29,90.96774193548387,67.06,65.61290322580646,30.59,28.387096774193548,6.02,4.387096774193549,45.36,2.1967741935483875,18.27,1.2935483870967743,32.23,0.9580645161290324,7.7,3.4838709677419355
1993-02-01,-1.52,-3.3071428571428574,-10.43,-13.360714285714286,90.06,87.35714285714286,65.05,61.5,29.03,27.857142857142854,5.43,5.142857142857143,42.64,0.9178571428571428,19.89,0.0,24.16,1.1035714285714284,7.2,7.642857142857142
1993-03-01,3.72,2.55483870967742,-5.3,-6.5935483870967735,90.25,92.25806451612905,60.13,61.838709677419345,29.5,26.64516129032258,5.14,3.838709677419355,57.91,0.9548387096774194,37.67,0.20645161290322586,19.2,0.7548387096774192,2.6,9.806451612903226
1993-04-01,11.52,11.473333333333333,0.7,1.596666666666667,88.46,87.8,49.43,48.56666666666667,30.1,27.1,4.56,4.533333333333333,67.88,2.5499999999999994,61.11,2.496666666666667,6.17,0.05333333333333333,0.2,0.03333333333333333
1993-05-01,18.45,18.325806451612905,6.17,5.85483870967742,88.48,87.32258064516131,46.83,45.483870967741936,26.36,27.0,3.08,2.225806451612903,68.58,1.6516129032258062,68.37,1.6516129032258062,0.12,0.0,0.0,0.0
1993-06-01,23.63,22.60666666666667,11.11,11.616666666666667,89.9,90.86666666666666,48.5,51.8,24.78,25.33333333333333,2.42,2.3,66.0,4.66,66.0,4.66,0.0,0.0,0.0,0.0
1993-07-01,26.67,27.190322580645162,14.22,16.032258064516128,90.44,89.87096774193549,47.46,48.387096774193544,23.31,24.677419354838708,2.12,2.5161290322580645,78.43,2.835483870967741,78.43,2.835483870967741,0.0,0.0,0.0,0.0
1993-08-01,25.38,26.98387096774193,13.37,15.129032258064518,93.35,92.45161290322581,50.91,48.193548387096776,22.29,20.741935483870968,2.03,0.7419354838709677,87.94,1.274193548387097,87.94,1.274193548387097,0.0,0.0,0.0,0.0
1993-09-01,20.81,18.973333333333336,9.22,8.296666666666663,94.17,92.76666666666668,54.62,55.16666666666666,23.68,24.16666666666667,2.25,3.066666666666667,73.44,1.88,73.44,1.86,0.0,0.0,0.0,0.0
1993-10-01,13.95,13.206451612903225,3.51,2.4548387096774187,93.38,90.96774193548387,57.8,54.451612903225815,25.07,27.87096774193548,3.15,3.5806451612903225,63.1,2.4935483870967747,62.16,2.6483870967741945,0.88,0.025806451612903226,0.0,0.0
1993-11-01,7.07,6.790000000000003,-0.75,-0.5633333333333332,93.22,91.93333333333334,66.32,62.83333333333334,27.79,27.266666666666666,4.7,4.566666666666666,70.84,2.0,64.18,1.8733333333333333,7.2,0.12666666666666665,0.3,0.0
1993-12-01,0.47,1.0129032258064514,-7.29,-6.3741935483870975,92.04,90.22580645161291,69.82,63.032258064516135,28.65,25.838709677419356,4.91,2.5161290322580645,64.58,0.8935483870967741,36.79,0.6580645161290322,31.59,0.24838709677419354,4.1,0.12903225806451613
1994-01-01,-2.22,-7.2709677419354835,-10.72,-17.429032258064517,90.46,86.61290322580645,67.12,61.0,30.54,31.161290322580644,5.95,6.774193548387097,46.58,1.9677419354838708,19.53,0.9870967741935484,32.11,1.219354838709677,7.7,9.35483870967742
1994-02-01,-1.5,-3.6464285714285714,-10.39,-13.017857142857142,90.07,85.75,65.09,59.42857142857143,28.98,31.357142857142854,5.39,4.928571428571429,42.66,0.7214285714285713,19.83,0.0,24.36,0.8857142857142856,7.4,6.0
1994-03-01,3.61,3.416129032258065,-5.38,-4.9161290322580635,90.32,89.90322580645163,60.21,60.70967741935484,29.35,27.548387096774192,5.12,2.9032258064516134,56.68,1.6516129032258065,36.73,0.7677419354838709,19.08,0.935483870967742,2.9,1.6451612903225807
1994-04-01,11.46,12.889999999999995,0.74,1.7366666666666668,88.58,86.5,49.75,45.96666666666667,29.96,31.6,4.52,5.033333333333333,67.86,3.2000000000000006,61.36,2.78,5.91,0.4400000000000001,0.2,0.7333333333333333
1994-05-01,18.45,17.648387096774194,6.18,5.941935483870969,88.53,87.96774193548387,47.0,48.451612903225815,26.32,26.806451612903228,3.04,4.0,67.74,2.5419354838709682,67.54,2.5419354838709682,0.12,0.0,0.0,0.0
1994-06-01,23.51,24.886666666666667,11.09,13.216666666666665,90.17,89.1,48.89,48.3,24.87,24.566666666666666,2.42,2.2,68.7,1.8133333333333332,68.7,1.8133333333333332,0.0,0.0,0.0,0.0
1994-07-01,26.65,27.267741935483862,14.26,15.709677419354836,90.65,91.12903225806451,47.7,49.41935483870968,23.33,24.35483870967742,2.1,1.5806451612903225,78.72,2.67741935483871,78.72,2.67741935483871,0.0,0.0,0.0,0.0
1994-08-01,25.45,24.367741935483874,13.45,13.000000000000002,93.48,93.0,50.95,53.548387096774185,22.2,22.548387096774192,1.97,0.8064516129032258,87.29,1.9387096774193548,87.29,1.9387096774193548,0.0,0.0,0.0,0.0
1994-09-01,20.76,21.53666666666667,9.25,10.24,94.28,93.53333333333332,54.91,51.5,23.74,23.13333333333333,2.27,1.5666666666666669,73.46,1.7133333333333336,73.46,1.7133333333333336,0.0,0.0,0.0,0.0
1994-10-01,13.69,15.441935483870967,3.39,4.438709677419356,93.54,90.96774193548387,58.31,47.516129032258064,25.19,20.193548387096776,3.18,1.8064516129032255,64.2,0.8838709677419354,63.26,0.8838709677419354,0.88,0.0,0.0,0.0
1994-11-01,6.97,9.8,-0.85,0.8933333333333338,93.25,93.3,66.24,57.56666666666667,27.72,30.7,4.67,5.666666666666668,69.16,2.8299999999999987,62.4,2.556666666666666,7.31,0.3066666666666667,0.3,0.13333333333333333
1994-12-01,0.6,3.6612903225806455,-7.11,-3.9580645161290318,92.08,93.70967741935483,69.67,67.74193548387096,28.64,23.29032258064516,4.91,3.870967741935484,64.04,1.6580645161290326,37.28,0.7677419354838709,29.96,0.8709677419354839,3.8,3.4516129032258065
1995-01-01,-2.47,0.08387096774193532,-11.03,-6.193548387096776,90.37,93.83870967741936,67.0,75.09677419354837,30.46,28.967741935483872,5.98,5.354838709677419,46.66,4.300000000000002,19.07,3.548387096774193,32.76,0.7935483870967741,7.8,3.161290322580645
1995-02-01,-1.61,-2.689285714285714,-10.43,-11.775,90.0,88.42857142857143,65.06,60.89285714285714,29.01,31.32142857142857,5.4,4.964285714285714,42.38,0.7428571428571429,19.83,0.31428571428571433,24.12,0.5214285714285715,7.2,1.1428571428571428
1995-03-01,3.61,7.238709677419355,-5.37,-3.403225806451614,90.27,87.54838709677419,60.19,50.32258064516129,29.1,26.064516129032263,5.03,4.451612903225806,55.48,1.638709677419355,35.99,1.3935483870967742,18.62,0.25806451612903225,2.9,0.7419354838709677
1995-04-01,11.52,8.763333333333332,0.79,-0.63,88.51,84.2,49.56,47.7,30.04,30.23333333333333,4.51,4.966666666666667,68.6,2.5533333333333337,62.04,2.393333333333333,6.07,0.18000000000000002,0.3,0.03333333333333333
1995-05-01,18.34,18.954838709677414,6.15,7.603225806451612,88.52,83.90322580645163,47.13,41.096774193548384,26.27,27.096774193548388,3.06,3.548387096774193,68.98,2.806451612903226,68.78,2.806451612903226,0.12,0.0,0.0,0.0
1995-06-01,23.54,25.45333333333333,11.22,14.363333333333333,90.15,84.2,48.9,48.03333333333333,24.83,22.36666666666667,2.42,2.1666666666666665,69.25,1.7366666666666666,69.25,1.7366666666666666,0.0,0.0,0.0,0.0
1995-07-01,26.64,27.403225806451612,14.28,16.332258064516125,90.63,91.22580645161291,47.75,51.387096774193544,23.32,24.258064516129032,2.06,1.6129032258064515,78.1,1.7870967741935484,78.1,1.7870967741935484,0.0,0.0,0.0,0.0
1995-08-01,25.5,26.96129032258064,13.52,16.619354838709675,93.42,91.32258064516131,50.99,52.645161290322584,22.15,22.806451612903228,1.92,1.5806451612903225,84.37,4.367741935483872,84.37,4.367741935483872,0.0,0.0,0.0,0.0
1995-09-01,20.79,20.14,9.34,7.7633333333333345,94.25,92.56666666666666,54.9,48.96666666666667,23.71,25.53333333333333,2.26,2.2666666666666666,74.71,0.9166666666666666,74.71,0.9166666666666666,0.0,0.0,0.0,0.0
1995-10-01,13.73,15.367741935483869,3.5,6.638709677419354,93.48,90.77419354838709,58.24,58.032258064516135,25.04,30.096774193548388,3.14,2.806451612903226,63.57,4.251612903225807,62.66,4.251612903225807,0.85,0.0,0.0,0.0
1995-11-01,7.02,3.876666666666667,-0.79,-1.9666666666666668,93.22,93.16666666666669,65.96,68.16666666666667,27.74,29.9,4.7,5.166666666666667,70.9,4.053333333333334,64.17,3.086666666666667,7.2,0.9066666666666668,0.3,0.4
1995-12-01,0.7,-1.8129032258064517,-7.0,-8.451612903225808,92.12,89.77419354838709,69.46,66.7741935483871,28.54,31.677419354838708,4.9,6.451612903225807,64.0,1.1548387096774193,36.94,0.16129032258064516,30.02,0.9870967741935484,3.8,3.161290322580645
1996-01-01,-2.39,-2.1387096774193552,-10.85,-11.206451612903225,90.53,89.74193548387095,67.27,64.2258064516129,30.28,31.387096774193548,5.9,5.032258064516129,48.76,2.341935483870968,21.55,1.6516129032258065,32.1,0.8064516129032258,7.8,3.7741935483870965
1996-02-01,-1.65,-2.055172413793104,-10.47,-9.50344827586207,90.02,88.86206896551724,64.89,64.3103448275862,28.99,30.41379310344828,5.35,3.7586206896551726,39.5,1.3172413793103446,18.84,0.8965517241379308,22.72,0.3655172413793104,7.1,1.1034482758620692
1996-03-01,3.84,1.9096774193548387,-5.25,-7.5387096774193525,90.18,85.12903225806451,59.63,51.516129032258064,29.0,32.0,4.97,5.129032258064517,55.67,1.1677419354838707,37.35,0.07096774193548387,17.51,1.1096774193548389,2.7,4.258064516129032
1996-04-01,11.54,8.919999999999996,0.81,-0.17333333333333334,88.23,91.63333333333334,49.18,54.86666666666667,30.14,34.43333333333333,4.56,4.333333333333333,68.64,3.3866666666666663,62.25,2.72,5.93,0.5800000000000001,0.3,1.2666666666666666
1996-05-01,18.29,17.083870967741934,6.2,6.148387096774193,88.37,84.0,47.11,43.41935483870968,26.34,27.64516129032258,3.11,2.3870967741935485,70.33,2.9225806451612906,70.13,2.9225806451612906,0.12,0.0,0.0,0.0
1996-06-01,23.6,23.06,11.39,14.053333333333335,90.07,94.0,49.12,61.53333333333333,24.7,22.6,2.39,1.3,69.65,3.933333333333333,69.65,3.933333333333333,0.0,0.0,0.0,0.0
1996-07-01,26.76,24.78709677419355,14.47,14.345161290322578,90.57,90.12903225806451,47.89,50.193548387096776,23.41,26.548387096774192,2.07,2.967741935483871,77.83,3.1419354838709674,77.83,3.1419354838709674,0.0,0.0,0.0,0.0
1996-08-01,25.59,26.26129032258065,13.68,15.16451612903226,93.35,92.48387096774192,51.01,50.548387096774185,22.13,19.12903225806452,1.89,1.1612903225806452,86.39,1.5548387096774192,86.39,1.5548387096774192,0.0,0.0,0.0,0.0
1996-09-01,20.78,21.12,9.27,11.866666666666667,94.17,92.96666666666668,54.52,58.46666666666667,23.79,22.83333333333333,2.22,3.566666666666667,73.4,5.540000000000001,73.4,5.540000000000001,0.0,0.0,0.0,0.0
1996-10-01,13.83,13.641935483870972,3.66,4.683870967741934,93.42,92.09677419354837,58.16,63.0,25.08,27.35483870967742,3.1,3.741935483870968,64.47,2.44516129032258,63.6,2.44516129032258,0.81,0.0,0.0,0.0
1996-11-01,6.93,4.136666666666666,-0.81,-2.2833333333333328,93.15,91.33333333333331,65.85,60.73333333333333,27.79,24.8,4.72,4.733333333333333,72.25,0.9933333333333334,64.71,0.78,7.95,0.22666666666666666,0.3,0.4
1996-12-01,0.54,2.4612903225806453,-7.14,-3.3322580645161284,91.98,92.93548387096773,69.19,70.74193548387096,28.73,26.677419354838708,4.96,4.096774193548387,63.06,3.0709677419354837,35.5,2.1354838709677417,30.69,0.9096774193548388,3.8,0.8387096774193549
1997-01-01,-2.35,-1.8322580645161293,-10.8,-10.948387096774189,90.59,88.70967741935482,67.23,63.903225806451616,30.25,33.58064516129032,5.81,7.903225806451613,49.15,2.083870967741936,23.18,0.5870967741935483,30.63,1.5741935483870966,7.4,5.903225806451613
1997-02-01,-1.68,1.3964285714285716,-10.48,-7.703571428571428,89.95,83.67857142857143,64.68,61.53571428571429,29.17,32.642857142857146,5.37,4.107142857142857,39.75,2.8071428571428574,19.13,2.2142857142857144,22.54,0.5857142857142857,6.8,4.285714285714286
1997-03-01,3.74,2.716129032258064,-5.38,-5.406451612903224,89.95,84.09677419354837,59.24,56.354838709677416,29.11,30.741935483870968,4.96,4.0,55.02,2.2516129032258068,35.93,0.9612903225806452,18.26,1.3419354838709678,2.8,3.3548387096774195
1997-04-01,11.52,11.170000000000005,0.82,0.35000000000000026,88.15,79.2,49.18,40.766666666666666,30.39,27.86666666666667,4.56,4.433333333333334,70.26,0.9733333333333332,63.98,0.84,5.91,0.08666666666666667,0.3,0.03333333333333333
1997-05-01,18.34,14.9,6.3,4.225806451612904,88.16,86.48387096774192,47.09,44.25806451612904,26.3,30.580645161290327,3.03,4.225806451612904,71.77,2.1096774193548384,71.66,2.1096774193548384,0.11,0.0,0.0,0.0
1997-06-01,23.56,25.496666666666666,11.48,13.953333333333335,90.14,85.66666666666667,49.55,45.36666666666667,24.66,23.43333333333333,2.36,0.4666666666666667,71.16,1.6933333333333331,71.16,1.6933333333333331,0.0,0.0,0.0,0.0
1997-07-01,26.63,26.76129032258065,14.49,15.035483870967742,90.69,86.48387096774192,48.34,43.87096774193547,23.48,22.774193548387093,2.03,2.677419354838709,80.58,0.967741935483871,80.58,0.967741935483871,0.0,0.0,0.0,0.0
1997-08-01,25.61,24.419354838709673,13.75,13.448387096774189,93.26,89.0,51.09,51.41935483870968,21.96,21.87096774193548,1.85,2.677419354838709,85.65,2.3161290322580643,85.65,2.3161290322580643,0.0,0.0,0.0,0.0
1997-09-01,20.81,20.946666666666665,9.4,9.973333333333333,94.12,93.36666666666666,54.78,55.6,23.68,24.0,2.24,3.433333333333333,77.1,1.6,77.1,1.6,0.0,0.0,0.0,0.0
1997-10-01,13.81,14.725806451612904,3.73,4.183870967741935,93.45,90.35483870967742,58.59,50.29032258064516,25.04,22.0,3.12,2.3870967741935485,66.17,1.1354838709677415,65.31,1.0387096774193547,0.81,0.09032258064516127,0.0,0.0
1997-11-01,6.81,5.903333333333333,-0.89,-1.02,92.98,90.93333333333334,65.54,62.6,27.78,24.43333333333333,4.77,3.0,68.48,1.8333333333333333,61.23,1.1733333333333331,7.65,0.64,0.3,2.4
1997-12-01,0.61,2.190322580645162,-7.02,-4.022580645161291,91.98,87.67741935483869,69.05,61.516129032258064,28.72,24.322580645161292,4.91,4.451612903225806,63.4,0.9741935483870968,35.33,0.5483870967741935,31.12,0.3935483870967741,3.8,0.3870967741935484
1998-01-01,-2.44,1.0387096774193547,-10.9,-5.309677419354839,90.45,89.22580645161291,66.95,70.7741935483871,30.43,24.483870967741932,5.89,5.806451612903227,49.45,3.1354838709677426,23.38,2.3483870967741933,30.41,0.7741935483870968,7.4,3.9032258064516134
1998-02-01,-1.53,3.3928571428571432,-10.26,-3.9928571428571433,89.65,85.46428571428571,64.47,60.0,29.21,22.0,5.28,5.0,40.95,1.635714285714286,20.77,1.5642857142857145,21.7,0.05,6.3,1.0714285714285714
1998-03-01,3.76,6.3741935483870975,-5.33,-2.1225806451612903,89.73,85.2258064516129,58.94,57.935483870967744,29.27,29.29032258064516,4.98,7.161290322580645,56.65,3.1741935483870964,36.81,2.3354838709677415,18.88,0.9032258064516128,2.8,2.548387096774193
1998-04-01,11.51,14.356666666666666,0.81,2.7900000000000005,87.78,77.23333333333333,48.86,40.23333333333333,30.36,25.3,4.56,3.966666666666667,67.93,1.9066666666666667,61.98,1.9066666666666667,5.53,0.0,0.3,0.0
1998-05-01,18.36,22.48387096774193,6.35,11.499999999999998,88.1,85.5806451612903,47.04,48.25806451612904,26.43,24.483870967741932,3.07,3.0,72.31,2.3161290322580643,72.21,2.3161290322580643,0.1,0.0,0.0,0.0
1998-06-01,23.56,24.4,11.51,13.396666666666665,89.89,88.96666666666668,49.27,50.8,24.72,25.73333333333333,2.34,3.466666666666667,67.83,2.683333333333333,67.83,2.683333333333333,0.0,0.0,0.0,0.0
1998-07-01,26.7,27.006451612903227,14.55,15.432258064516127,90.38,86.41935483870968,47.87,44.838709677419345,23.56,24.483870967741932,2.1,2.7741935483870965,79.41,1.4645161290322581,79.41,1.4645161290322581,0.0,0.0,0.0,0.0
1998-08-01,25.62,27.625806451612906,13.8,15.703225806451616,93.04,88.70967741935482,50.95,47.87096774193547,22.0,21.322580645161292,1.86,2.161290322580645,86.51,0.8645161290322579,86.51,0.8645161290322579,0.0,0.0,0.0,0.0
1998-09-01,20.81,24.713333333333345,9.49,11.573333333333334,94.11,87.76666666666668,55.02,43.96666666666667,23.73,23.03333333333333,2.22,2.466666666666667,76.43,1.2799999999999998,76.43,1.2799999999999998,0.0,0.0,0.0,0.0
1998-10-01,13.85,15.841935483870966,3.74,5.6999999999999975,93.31,87.93548387096773,58.18,51.32258064516129,24.95,26.12903225806452,3.07,5.32258064516129,64.84,0.7741935483870969,63.87,0.7741935483870969,0.9,0.0,0.0,0.0
1998-11-01,6.84,8.620000000000001,-0.85,1.143333333333333,92.94,84.1,65.39,58.03333333333333,27.63,28.566666666666666,4.72,4.6,69.0,1.12,61.21,1.12,8.17,0.0,0.4,0.0
1998-12-01,0.62,5.090322580645162,-6.97,-3.6193548387096777,91.8,85.54838709677419,68.7,58.193548387096776,28.63,29.225806451612907,4.87,2.806451612903226,62.09,2.032258064516129,33.93,1.7806451612903225,31.17,0.2612903225806452,3.8,0.41935483870967744
1999-01-01,-2.25,-2.2741935483870974,-10.64,-10.061290322580644,90.37,87.74193548387095,66.86,66.03225806451613,30.34,29.41935483870968,5.9,6.161290322580645,49.95,3.4516129032258065,24.42,1.064516129032258,29.54,2.56774193548387,7.0,26.806451612903228
1999-02-01,-1.31,2.4285714285714284,-9.99,-5.589285714285714,89.57,78.92857142857143,64.28,53.03571428571429,28.97,26.67857142857143,5.1,4.607142857142857,41.21,0.9785714285714284,21.19,0.8571428571428571,21.48,0.12142857142857146,6.3,2.571428571428572
1999-03-01,3.8,4.716129032258063,-5.24,-4.251612903225807,89.54,76.29032258064517,58.8,42.548387096774185,29.35,32.90322580645161,5.12,7.709677419354839,58.01,0.7548387096774193,38.11,0.01935483870967742,18.54,0.6903225806451613,2.8,5.96774193548387
1999-04-01,11.52,13.10333333333333,0.87,3.0766666666666658,87.48,75.03333333333333,48.85,37.5,30.25,28.3,4.6,4.9,68.83,1.6299999999999997,62.87,1.4433333333333331,5.53,0.12,0.3,0.03333333333333333
1999-05-01,18.61,21.222580645161294,6.59,9.716129032258065,87.88,74.03225806451613,46.9,42.064516129032256,26.43,24.548387096774192,3.07,3.129032258064516,71.33,1.258064516129032,71.22,1.258064516129032,0.1,0.0,0.0,0.0
1999-06-01,23.62,25.663333333333334,11.61,15.023333333333332,89.68,82.16666666666667,49.03,45.56666666666667,24.81,23.466666666666665,2.38,3.2333333333333334,68.58,2.2066666666666666,68.58,2.2066666666666666,0.0,0.0,0.0,0.0
1999-07-01,26.73,29.99032258064517,14.64,18.63870967741936,90.2,82.70967741935483,47.69,41.25806451612903,23.66,31.29032258064516,2.11,4.935483870967742,78.99,1.4322580645161291,78.99,1.4322580645161291,0.0,0.0,0.0,0.0
1999-08-01,25.71,24.92258064516129,13.91,15.603225806451613,92.84,87.61290322580645,50.78,48.32258064516129,21.96,25.903225806451612,1.85,4.903225806451613,81.96,1.903225806451613,81.96,1.903225806451613,0.0,0.0,0.0,0.0
1999-09-01,20.9,23.28333333333334,9.5,12.633333333333333,93.81,88.63333333333334,54.47,49.76666666666666,23.85,25.7,2.25,3.2,74.77,2.6666666666666665,74.77,2.6666666666666665,0.0,0.0,0.0,0.0
1999-10-01,13.86,14.148387096774194,3.77,4.532258064516129,93.04,89.35483870967742,57.9,54.354838709677416,25.09,29.967741935483872,3.17,5.064516129032258,64.27,1.9935483870967743,63.3,1.9935483870967743,0.9,0.0,0.0,0.0
1999-11-01,6.93,9.613333333333337,-0.77,1.8533333333333328,92.56,86.83333333333331,65.0,58.6,27.77,32.63333333333333,4.72,6.4,67.01,2.606666666666667,59.42,2.566666666666667,7.95,0.04,0.4,0.0
1999-12-01,0.81,3.0580645161290323,-6.79,-4.429032258064517,91.65,86.51612903225808,68.42,60.67741935483871,28.58,31.548387096774192,4.75,6.193548387096773,61.52,0.8548387096774195,34.83,0.5612903225806453,30.12,0.2774193548387097,3.7,0.0967741935483871
2000-01-01,-2.26,-1.0903225806451613,-10.62,-10.545161290322582,90.27,84.29032258064517,66.73,57.645161290322584,30.36,32.41935483870968,5.95,5.838709677419355,51.83,0.9419354838709676,24.28,0.5290322580645159,31.63,0.5483870967741935,7.4,2.4516129032258065
2000-02-01,-1.2,1.1448275862068964,-9.86,-7.379310344827586,89.29,83.93103448275863,63.85,58.41379310344828,28.98,29.58620689655172,5.07,5.724137931034483,41.59,1.668965517241379,21.97,0.5310344827586206,21.14,1.3482758620689657,6.3,7.862068965517241
2000-03-01,3.87,9.416129032258066,-5.18,-0.42903225806451617,89.19,79.83870967741936,58.24,45.225806451612904,29.49,31.677419354838708,5.16,5.580645161290324,57.6,0.6064516129032257,37.24,0.329032258064516,19.03,0.25161290322580643,3.0,0.4516129032258064
2000-04-01,11.53,11.173333333333336,0.94,2.17,86.97,78.6,48.45,49.26666666666666,30.24,31.43333333333333,4.63,4.4,67.46,2.643333333333333,61.32,2.4133333333333336,5.65,0.2533333333333333,0.3,0.13333333333333333
2000-05-01,18.73,19.309677419354838,6.76,9.158064516129034,87.35,85.54838709677419,46.73,51.70967741935484,26.34,30.35483870967742,3.09,3.4838709677419355,70.11,4.012903225806451,70.01,4.012903225806451,0.1,0.0,0.0,0.0
2000-06-01,23.75,23.576666666666675,11.78,12.81,89.33,88.46666666666668,48.75,53.73333333333333,24.76,29.1,2.43,3.966666666666667,69.49,5.64,69.49,5.64,0.0,0.0,0.0,0.0
2000-07-01,26.84,24.929032258064517,14.8,15.232258064516127,89.92,83.80645161290323,47.59,50.87096774193547,23.92,24.032258064516128,2.22,3.6774193548387095,76.88,1.0903225806451613,76.88,1.0903225806451613,0.0,0.0,0.0,0.0
2000-08-01,25.63,25.822580645161292,13.96,15.358064516129033,92.68,88.45161290322581,50.81,49.967741935483865,22.05,24.161290322580644,1.9,2.6451612903225805,82.04,1.2258064516129037,82.04,1.2258064516129037,0.0,0.0,0.0,0.0
2000-09-01,20.95,21.06,9.62,10.603333333333335,93.62,90.0,54.43,53.66666666666666,23.85,27.3,2.24,4.133333333333334,76.93,2.333333333333333,76.93,2.333333333333333,0.0,0.0,0.0,0.0
2000-10-01,13.87,16.177419354838708,3.83,6.1322580645161295,92.89,89.09677419354837,57.79,53.29032258064516,25.18,24.35483870967742,3.19,4.612903225806452,64.69,0.5677419354838709,64.05,0.5677419354838709,0.49,0.0,0.0,0.0
2000-11-01,7.03,7.186666666666667,-0.71,-0.003333333333333336,92.29,87.66666666666669,64.62,62.33333333333334,27.93,27.86666666666667,4.75,5.866666666666666,67.24,1.853333333333333,59.85,1.8333333333333333,7.74,0.013333333333333334,0.4,0.0
2000-12-01,0.98,-3.032258064516129,-6.59,-11.270967741935484,91.51,89.03225806451613,68.14,63.29032258064516,28.66,30.741935483870968,4.7,5.903225806451613,60.36,2.3032258064516133,34.79,0.4129032258064516,28.72,2.0580645161290327,3.3,10.677419354838712
2001-01-01,-2.1,-0.6451612903225803,-10.44,-7.509677419354838,90.09,84.51612903225806,66.41,66.09677419354838,30.56,28.064516129032263,6.03,6.096774193548387,51.95,1.006451612903226,24.79,0.6774193548387096,30.93,0.34838709677419355,6.9,9.225806451612904
2001-02-01,-1.11,0.5964285714285714,-9.72,-6.524999999999999,89.07,80.89285714285714,63.64,58.89285714285714,28.95,36.5,5.13,5.357142857142857,42.21,3.3571428571428568,22.31,1.985714285714286,21.64,1.2857142857142858,6.4,2.2142857142857144
2001-03-01,4.11,3.2483870967741937,-4.98,-3.8000000000000007,88.85,78.2258064516129,57.58,52.903225806451616,29.62,30.0,5.17,6.645161290322582,56.77,1.0129032258064516,36.74,0.28387096774193543,18.8,0.8516129032258065,3.0,2.5806451612903225
2001-04-01,11.49,13.94,0.98,2.52,86.65,75.9,48.48,40.56666666666667,30.29,31.566666666666666,4.66,4.033333333333333,67.39,1.2133333333333336,61.35,1.1933333333333336,5.65,0.02,0.3,0.0
2001-05-01,18.77,20.19677419354839,6.87,9.341935483870966,87.16,80.03225806451613,46.7,42.967741935483865,26.46,27.0,3.12,3.838709677419355,72.37,2.9741935483870967,72.26,2.9741935483870967,0.1,0.0,0.0,0.0
2001-06-01,23.74,24.74,11.86,14.526666666666669,89.26,79.03333333333333,49.02,48.23333333333333,24.88,24.266666666666666,2.45,3.4,73.86,2.06,73.86,2.06,0.0,0.0,0.0,0.0
2001-07-01,26.79,26.238709677419358,14.82,15.629032258064516,89.63,77.48387096774194,47.6,43.225806451612904,23.95,28.387096774193548,2.28,4.935483870967742,74.22,1.0967741935483872,74.22,1.0967741935483872,0.0,0.0,0.0,0.0
2001-08-01,25.62,28.809677419354834,14.03,17.46451612903226,92.52,75.74193548387096,50.9,42.354838709677416,22.12,25.838709677419356,1.92,3.3870967741935485,79.52,1.1161290322580644,79.52,1.1161290322580644,0.0,0.0,0.0,0.0
2001-09-01,20.96,22.08333333333333,9.63,11.336666666666668,93.45,80.53333333333333,54.14,48.83333333333334,23.96,26.93333333333333,2.31,4.733333333333333,77.2,1.6800000000000002,77.2,1.6800000000000002,0.0,0.0,0.0,0.0
2001-10-01,13.92,14.999999999999995,3.86,6.0677419354838715,92.67,82.09677419354837,57.27,53.25806451612904,25.28,30.483870967741932,3.23,4.935483870967742,63.15,3.509677419354839,62.51,3.509677419354839,0.49,0.0,0.0,0.0
2001-11-01,7.01,11.34666666666667,-0.73,2.886666666666668,92.08,81.6,64.39,56.93333333333333,27.94,28.73333333333333,4.74,4.366666666666666,67.59,2.5,60.37,2.5,7.62,0.0,0.4,0.0
2001-12-01,0.92,5.12258064516129,-6.67,-1.706451612903226,91.43,84.6774193548387,67.9,60.903225806451616,28.74,30.548387096774192,4.73,6.67741935483871,60.05,1.3096774193548386,34.44,1.064516129032258,28.49,0.25161290322580643,3.3,0.3548387096774194
2002-01-01,-1.97,2.738709677419355,-10.24,-3.661290322580645,89.92,83.7741935483871,66.42,59.74193548387096,30.42,32.58064516129032,6.02,8.35483870967742,52.01,1.4903225806451614,25.32,0.4709677419354839,30.26,1.0129032258064516,6.8,0.6774193548387096
2002-02-01,-1.04,2.9428571428571435,-9.64,-5.5214285714285705,88.74,78.21428571428571,63.22,55.92857142857143,29.03,36.142857142857146,5.08,6.2857142857142865,42.96,1.3714285714285712,22.8,1.057142857142857,21.77,0.25,6.1,4.857142857142857
2002-03-01,4.2,4.829032258064517,-4.86,-4.035483870967743,88.49,78.96774193548387,57.22,49.612903225806456,29.67,36.064516129032256,5.2,6.258064516129032,56.7,1.9774193548387098,36.87,1.4225806451612903,18.6,0.567741935483871,3.0,0.6129032258064516
2002-04-01,11.62,11.84,1.1,2.6966666666666663,86.27,79.3,48.28,48.13333333333333,30.32,30.1,4.62,3.933333333333333,67.77,3.44,61.72,2.9600000000000004,5.62,0.4066666666666666,0.3,0.16666666666666666
2002-05-01,18.83,16.348387096774193,7.03,5.429032258064518,86.96,75.29032258064517,46.78,44.516129032258064,26.46,34.41935483870968,3.11,5.870967741935483,74.28,2.603225806451613,74.17,2.603225806451613,0.1,0.0,0.0,0.0
2002-06-01,23.76,24.45666666666667,11.96,13.743333333333332,88.84,86.5,49.01,50.33333333333334,24.96,26.066666666666666,2.52,2.7333333333333334,73.35,1.986666666666666,73.35,1.986666666666666,0.0,0.0,0.0,0.0
2002-07-01,26.81,30.054838709677423,14.93,18.299999999999994,89.15,82.29032258064517,47.51,42.16129032258065,24.12,27.548387096774192,2.38,5.096774193548387,72.73,1.9032258064516128,72.73,1.9032258064516128,0.0,0.0,0.0,0.0
2002-08-01,25.73,28.361290322580647,14.21,16.783870967741937,91.94,85.12903225806451,50.69,44.25806451612904,22.2,25.258064516129032,1.93,4.258064516129032,76.48,0.3741935483870968,76.48,0.3741935483870968,0.0,0.0,0.0,0.0
2002-09-01,20.96,25.923333333333336,9.62,14.396666666666668,92.97,88.23333333333332,53.75,47.26666666666666,24.15,27.03333333333333,2.41,3.033333333333333,77.8,1.9733333333333332,77.8,1.9733333333333332,0.0,0.0,0.0,0.0
2002-10-01,13.82,13.132258064516131,3.82,4.596774193548385,92.18,91.41935483870968,56.92,58.387096774193544,25.58,29.225806451612907,3.32,4.838709677419356,65.52,1.3870967741935485,64.88,1.3870967741935485,0.49,0.0,0.0,0.0
2002-11-01,7.17,6.549999999999999,-0.58,-0.2433333333333333,91.68,90.56666666666666,64.03,62.5,27.98,31.466666666666665,4.74,8.366666666666667,68.92,2.2400000000000007,62.23,1.4066666666666667,7.07,0.9066666666666666,0.4,1.2
2002-12-01,0.99,1.7354838709677418,-6.54,-5.6870967741935505,91.17,88.93548387096773,67.63,63.612903225806456,28.7,31.35483870967742,4.8,8.193548387096774,58.3,1.0483870967741935,33.34,0.4580645161290323,27.69,0.6290322580645161,3.2,1.935483870967742
2003-01-01,-1.84,-4.2290322580645165,-10.0,-12.283870967741938,89.73,86.48387096774192,66.26,61.70967741935484,30.31,34.03225806451613,6.12,7.516129032258066,52.29,1.141935483870968,25.44,0.0,30.21,1.3354838709677423,6.6,8.612903225806452
2003-02-01,-0.85,-2.3857142857142857,-9.39,-11.50357142857143,88.21,85.89285714285714,62.73,56.14285714285714,29.17,32.285714285714285,5.14,6.392857142857142,42.25,1.6714285714285717,23.58,0.8071428571428572,20.17,0.8428571428571429,5.8,4.821428571428571
2003-03-01,4.37,4.587096774193548,-4.71,-6.070967741935482,88.09,85.38709677419354,56.63,55.903225806451616,29.87,28.35483870967742,5.2,3.9032258064516134,55.51,1.6129032258064508,37.29,0.8967741935483872,17.77,0.7677419354838709,2.5,7.806451612903227
2003-04-01,11.74,10.886666666666665,1.28,0.4066666666666665,85.88,78.43333333333334,48.15,46.93333333333333,30.4,30.03333333333333,4.64,5.1,69.44,2.026666666666667,63.27,0.72,5.68,0.5066666666666666,0.3,1.9666666666666663
2003-05-01,18.71,16.97741935483871,7.0,7.5,86.52,89.96774193548387,46.7,51.12903225806453,26.87,30.29032258064516,3.27,4.580645161290323,75.79,4.929032258064517,75.68,4.929032258064517,0.1,0.0,0.0,0.0
2003-06-01,23.86,23.56333333333333,12.1,13.033333333333333,88.62,86.1,48.74,51.13333333333333,25.02,27.7,2.53,4.4,71.56,2.126666666666667,71.56,2.126666666666667,0.0,0.0,0.0,0.0
2003-07-01,26.94,27.093548387096785,15.1,16.4741935483871,88.81,86.25806451612905,47.09,47.87096774193547,24.22,26.322580645161292,2.49,3.548387096774193,73.54,2.1354838709677417,73.54,2.1354838709677417,0.0,0.0,0.0,0.0
2003-08-01,25.86,27.21290322580645,14.35,16.867741935483867,91.59,89.58064516129032,50.24,52.74193548387096,22.29,23.935483870967737,2.01,3.0,74.36,1.7225806451612902,74.36,1.7225806451612902,0.0,0.0,0.0,0.0
2003-09-01,21.1,21.95000000000001,9.81,11.943333333333333,92.74,90.33333333333331,53.48,51.56666666666667,24.17,26.566666666666666,2.44,4.433333333333334,76.97,3.806666666666667,76.97,3.806666666666667,0.0,0.0,0.0,0.0
2003-10-01,13.88,13.948387096774187,3.94,4.209677419354839,92.08,93.29032258064517,56.78,55.193548387096776,25.68,28.096774193548388,3.38,3.9354838709677415,63.66,1.5935483870967744,63.03,1.5935483870967744,0.48,0.0,0.0,0.0
2003-11-01,7.25,8.42,-0.52,0.97,91.58,92.36666666666666,63.62,65.26666666666667,28.25,30.066666666666666,4.91,5.933333333333334,68.76,4.706666666666667,61.86,4.506666666666666,7.39,0.21333333333333332,0.3,0.1
2003-12-01,1.03,3.2290322580645165,-6.5,-3.4516129032258047,90.95,90.03225806451613,67.25,59.225806451612904,28.75,28.225806451612907,4.94,5.741935483870968,56.21,1.987096774193548,31.98,1.4516129032258065,26.79,0.6193548387096774,3.1,0.8387096774193549
2004-01-01,-1.97,-5.216129032258065,-10.14,-13.51935483870968,89.64,86.90322580645163,65.99,59.0,30.3,35.03225806451613,6.08,6.645161290322582,52.32,1.6,24.79,0.1548387096774194,31.12,2.0387096774193547,6.9,14.870967741935484
2004-02-01,-0.85,0.4655172413793103,-9.34,-7.986206896551722,88.06,82.82758620689657,62.44,57.620689655172406,29.32,29.82758620689655,5.09,4.448275862068964,42.59,0.7172413793103447,23.69,0.18620689655172412,20.28,0.593103448275862,5.9,17.17241379310345
2004-03-01,4.27,6.129032258064517,-4.88,-1.5709677419354842,87.82,88.12903225806451,56.27,59.29032258064516,29.86,29.806451612903228,5.18,6.645161290322582,53.13,2.0451612903225804,34.47,1.670967741935484,18.27,0.4580645161290322,2.8,0.4838709677419355
2004-04-01,11.72,11.85,1.25,2.006666666666667,85.55,85.26666666666667,47.95,48.56666666666667,30.35,32.3,4.67,6.7,69.39,2.14,61.99,2.12,6.11,0.02,0.3,0.0
2004-05-01,18.75,18.42258064516129,7.06,7.838709677419356,86.43,89.87096774193549,46.56,53.967741935483865,26.93,27.548387096774192,3.25,3.967741935483871,77.95,3.1870967741935488,77.84,3.1870967741935488,0.1,0.0,0.0,0.0
2004-06-01,23.83,23.01,12.12,12.083333333333336,88.36,86.4,48.59,48.83333333333334,25.11,29.4,2.63,3.933333333333333,71.42,2.0933333333333337,71.42,2.0933333333333337,0.0,0.0,0.0,0.0
2004-07-01,26.94,25.21612903225807,15.17,16.099999999999998,88.65,89.12903225806451,47.14,58.161290322580655,24.31,24.580645161290327,2.52,4.290322580645161,73.66,3.8645161290322574,73.66,3.8645161290322574,0.0,0.0,0.0,0.0
2004-08-01,25.83,24.406451612903233,14.39,14.574193548387097,91.44,87.35483870967742,50.34,55.29032258064516,22.33,25.677419354838708,2.05,4.129032258064516,75.16,1.935483870967742,75.16,1.935483870967742,0.0,0.0,0.0,0.0
2004-09-01,21.08,23.83,9.91,12.866666666666665,92.65,88.53333333333332,53.65,52.6,24.21,22.36666666666667,2.52,4.133333333333334,78.99,0.84,78.99,0.84,0.0,0.0,0.0,0.0
2004-10-01,13.82,15.041935483870967,3.9,6.387096774193551,91.99,88.48387096774192,56.61,56.096774193548384,25.74,26.741935483870968,3.42,5.67741935483871,61.15,1.135483870967742,60.52,1.135483870967742,0.48,0.0,0.0,0.0
2004-11-01,7.28,9.19,-0.47,1.4800000000000002,91.6,87.43333333333334,63.56,55.36666666666667,28.15,29.66666666666667,4.9,4.333333333333333,70.36,2.1600000000000006,63.32,2.0666666666666664,7.54,0.09333333333333332,0.3,0.0
2004-12-01,1.16,1.2032258064516128,-6.35,-6.712903225806451,90.89,89.03225806451613,66.8,64.64516129032258,28.65,34.064516129032256,4.92,6.161290322580645,55.7,2.916129032258065,32.22,1.738709677419355,25.91,1.1903225806451612,2.9,5.0
2005-01-01,-2.09,-2.7677419354838704,-10.25,-10.896774193548383,89.45,86.38709677419355,65.6,60.70967741935484,30.49,29.29032258064516,6.12,4.774193548387096,51.74,2.270967741935484,23.8,1.219354838709677,32.04,1.0709677419354835,7.1,5.225806451612904
2005-02-01,-0.73,0.2428571428571429,-9.18,-8.235714285714286,87.89,89.2857142857143,62.36,64.25,29.32,26.42857142857143,5.05,4.214285714285714,41.78,2.7,23.07,1.5357142857142858,20.0,1.1928571428571428,6.3,6.5357142857142865
2005-03-01,4.37,2.638709677419355,-4.76,-5.8806451612903246,87.78,84.29032258064517,56.34,54.387096774193544,29.66,28.548387096774192,5.11,4.935483870967742,53.35,1.0580645161290323,34.82,0.3096774193548387,18.16,0.8258064516129032,2.8,8.67741935483871
2005-04-01,11.68,12.77,1.28,2.7066666666666666,85.48,75.86666666666666,47.9,43.1,30.3,29.03333333333333,4.7,5.166666666666667,68.46,3.2533333333333334,61.08,2.7066666666666666,6.08,0.5399999999999999,0.3,0.1
2005-05-01,18.84,17.229032258064514,7.19,6.564516129032258,86.38,78.96774193548387,46.63,43.838709677419345,26.75,27.032258064516128,3.24,2.7741935483870965,76.57,0.4645161290322581,76.47,0.4645161290322581,0.1,0.0,0.0,0.0
2005-06-01,23.85,27.856666666666666,12.16,17.259999999999998,88.16,81.46666666666667,48.44,51.0,25.17,24.1,2.7,2.8666666666666667,69.27,1.0599999999999998,69.27,1.0599999999999998,0.0,0.0,0.0,0.0
2005-07-01,26.88,29.85483870967742,15.25,18.264516129032263,88.58,81.16129032258064,47.49,44.67741935483871,24.25,25.387096774193548,2.51,3.290322580645161,75.69,0.6580645161290322,75.69,0.6580645161290322,0.0,0.0,0.0,0.0
2005-08-01,25.76,27.693548387096772,14.45,17.3258064516129,91.22,87.48387096774192,50.6,48.483870967741936,22.35,24.70967741935484,2.14,3.3548387096774195,76.67,4.3741935483870975,76.67,4.3741935483870975,0.0,0.0,0.0,0.0
2005-09-01,21.19,24.503333333333334,10.1,13.416666666666664,92.47,89.13333333333334,53.8,49.46666666666667,23.96,28.03333333333333,2.53,3.566666666666667,78.28,2.6533333333333333,78.28,2.6533333333333333,0.0,0.0,0.0,0.0
2005-10-01,13.88,14.977419354838707,4.08,7.248387096774193,91.86,91.90322580645163,56.75,63.161290322580655,25.67,27.677419354838708,3.46,5.258064516129032,61.52,1.529032258064516,60.89,1.529032258064516,0.48,0.0,0.0,0.0
2005-11-01,7.36,9.253333333333334,-0.4,0.84,91.34,90.33333333333331,63.02,61.1,28.23,34.73333333333333,4.84,6.866666666666666,70.02,3.4066666666666667,62.96,3.046666666666667,7.55,0.4133333333333333,0.3,0.9
2005-12-01,1.15,-0.7258064516129035,-6.43,-6.170967741935482,90.72,89.77419354838709,66.55,66.25806451612904,28.89,31.935483870967737,4.96,7.645161290322582,57.2,1.9,33.47,0.6451612903225807,26.19,1.3483870967741938,3.0,7.129032258064517
2006-01-01,-2.22,3.774193548387097,-10.36,-3.3741935483870966,89.3,91.83870967741936,65.44,67.29032258064517,30.38,30.193548387096772,6.13,5.483870967741934,52.37,2.406451612903226,23.7,2.148387096774194,32.61,0.25161290322580643,7.2,0.1935483870967742
2006-02-01,-0.71,0.028571428571428564,-9.22,-7.167857142857144,87.77,84.60714285714286,62.22,59.78571428571429,29.26,35.857142857142854,5.02,6.571428571428571,41.88,2.671428571428572,22.93,1.9214285714285717,20.06,0.7714285714285715,6.4,1.0357142857142858
2006-03-01,4.4,5.9064516129032265,-4.74,-3.229032258064516,87.64,77.90322580645163,56.14,47.064516129032256,29.55,32.19354838709677,5.1,7.193548387096773,52.31,1.5741935483870968,33.66,1.5419354838709678,18.39,0.045161290322580636,3.0,0.12903225806451613
2006-04-01,11.85,13.79333333333333,1.44,2.6100000000000008,85.16,80.66666666666667,47.68,44.53333333333333,30.07,31.066666666666666,4.57,4.833333333333333,69.39,2.08,62.38,2.08,5.72,0.0,0.3,0.0
2006-05-01,18.69,19.693548387096776,7.1,9.103225806451613,86.03,83.3225806451613,46.55,49.548387096774185,26.82,27.516129032258068,3.27,2.806451612903226,74.91,2.645161290322581,74.8,2.645161290322581,0.1,0.0,0.0,0.0
2006-06-01,23.99,24.74666666666667,12.32,14.813333333333333,87.74,81.56666666666666,48.39,49.56666666666667,25.12,27.7,2.74,5.5,68.24,1.5133333333333332,68.24,1.5133333333333332,0.0,0.0,0.0,0.0
2006-07-01,26.94,28.564516129032267,15.36,18.190322580645173,88.27,88.35483870967742,47.56,51.645161290322584,24.21,28.35483870967742,2.56,3.3225806451612905,74.66,3.393548387096774,74.66,3.393548387096774,0.0,0.0,0.0,0.0
2006-08-01,25.82,25.983870967741932,14.57,16.24516129032258,91.03,87.45161290322581,50.61,49.387096774193544,22.3,26.35483870967742,2.21,4.419354838709677,77.57,1.2967741935483874,77.57,1.2967741935483874,0.0,0.0,0.0,0.0
2006-09-01,21.39,19.916666666666664,10.29,11.49333333333333,92.27,92.9,53.51,59.46666666666667,24.09,27.66666666666667,2.58,4.4,78.75,2.586666666666667,78.75,2.586666666666667,0.0,0.0,0.0,0.0
2006-10-01,13.89,13.145161290322582,4.19,4.2709677419354835,91.8,91.29032258064517,56.85,58.193548387096776,25.71,30.0,3.55,5.548387096774193,61.27,3.890322580645161,60.63,3.890322580645161,0.48,0.0,0.0,0.0
2006-11-01,7.3,8.856666666666666,-0.44,1.61,91.19,92.83333333333331,62.91,67.66666666666667,28.45,22.3,4.98,3.5,71.6,2.390000000000001,64.24,2.390000000000001,7.88,0.0,0.4,0.0
2006-12-01,1.13,5.135483870967742,-6.32,-1.4612903225806453,90.63,87.06451612903227,66.42,59.225806451612904,29.07,32.74193548387097,5.08,8.03225806451613,56.83,2.0129032258064514,33.22,1.95483870967742,25.55,0.05161290322580645,2.9,0.0
2007-01-01,-1.95,0.5870967741935481,-9.94,-6.348387096774193,89.35,88.64516129032258,65.43,61.548387096774185,30.36,32.32258064516129,6.14,5.193548387096773,53.1,1.2451612903225808,25.52,0.7548387096774195,31.28,0.5096774193548387,6.4,2.161290322580645
2007-02-01,-0.77,-4.603571428571428,-9.21,-12.207142857142859,87.59,84.96428571428571,62.05,56.07142857142857,29.34,36.57142857142857,5.05,11.142857142857142,42.4,0.8785714285714287,22.96,0.0,20.55,0.9714285714285714,6.1,9.928571428571429
2007-03-01,4.43,4.877419354838709,-4.69,-4.145161290322582,87.18,83.70967741935483,55.61,49.387096774193544,29.42,33.54838709677419,5.21,6.161290322580645,50.06,1.0774193548387097,33.08,0.6064516129032257,17.51,0.42903225806451617,2.9,2.5806451612903225
2007-04-01,11.85,10.516666666666667,1.48,1.69,84.94,85.36666666666666,47.65,50.4,30.04,34.43333333333333,4.55,6.633333333333334,69.07,2.0266666666666664,62.87,1.9466666666666663,5.21,0.08000000000000003,0.2,0.0
2007-05-01,18.81,20.335483870967746,7.24,8.270967741935483,85.83,76.83870967741936,46.39,41.67741935483871,26.78,25.12903225806452,3.23,1.4516129032258065,73.82,2.3741935483870966,73.79,2.3741935483870966,0.02,0.0,0.0,0.0
2007-06-01,23.99,26.89,12.4,14.579999999999995,87.39,78.7,48.34,43.73333333333333,25.25,28.33333333333333,2.85,3.566666666666667,66.98,1.4400000000000002,66.98,1.4400000000000002,0.0,0.0,0.0,0.0
2007-07-01,27.08,26.954838709677414,15.54,15.622580645161287,88.07,85.70967741935483,47.46,45.25806451612904,24.38,26.225806451612907,2.57,3.0967741935483866,75.44,1.529032258064516,75.44,1.529032258064516,0.0,0.0,0.0,0.0
2007-08-01,25.86,28.070967741935487,14.7,16.651612903225807,90.83,86.0,50.59,42.903225806451616,22.48,27.935483870967737,2.28,4.354838709677419,76.74,0.6709677419354839,76.74,0.6709677419354839,0.0,0.0,0.0,0.0
2007-09-01,21.37,24.31,10.39,12.36,92.26,86.2,53.79,45.2,24.19,26.6,2.67,0.8,79.01,0.9533333333333334,79.01,0.9533333333333334,0.0,0.0,0.0,0.0
2007-10-01,13.96,18.983870967741943,4.29,9.358064516129033,91.75,89.45161290322581,56.89,55.74193548387096,25.81,27.741935483870968,3.62,2.3225806451612905,63.13,1.3290322580645162,62.67,1.3290322580645162,0.34,0.0,0.0,0.0
2007-11-01,7.45,6.606666666666667,-0.25,-1.47,91.26,88.3,63.21,58.3,28.2,28.9,4.92,4.233333333333333,73.59,2.926666666666668,66.38,2.4533333333333336,7.69,0.36666666666666653,0.4,0.43333333333333335
2007-12-01,1.39,0.5935483870967744,-5.96,-5.264516129032262,90.5,87.16129032258064,66.27,65.51612903225806,29.15,29.967741935483872,5.23,4.580645161290323,57.71,2.9903225806451608,34.82,1.5870967741935484,24.33,1.4322580645161287,2.8,4.967741935483871
2008-01-01,-1.68,1.3096774193548377,-9.62,-5.525806451612903,89.36,86.83870967741936,65.3,61.096774193548384,30.39,32.45161290322581,6.08,5.290322580645161,53.16,1.8774193548387093,26.3,1.1483870967741936,30.16,0.7354838709677419,6.0,2.3225806451612905
2008-02-01,-0.85,-1.1931034482758618,-9.29,-9.306896551724137,87.44,84.27586206896551,61.75,61.93103448275862,29.51,31.27586206896552,5.23,4.206896551724138,42.34,3.710344827586208,22.28,1.0551724137931036,21.22,2.648275862068966,6.2,23.79310344827586
2008-03-01,4.36,2.0483870967741944,-4.74,-5.41290322580645,87.0,81.35483870967742,55.46,52.0,29.44,31.225806451612907,5.24,4.935483870967742,48.77,1.9870967741935488,31.81,0.7483870967741937,17.38,1.225806451612903,2.9,10.548387096774192
2008-04-01,11.75,15.2,1.5,3.8433333333333333,84.9,73.9,47.85,40.03333333333333,30.2,29.3,4.67,2.3666666666666667,68.75,1.82,62.5,1.7866666666666666,5.26,0.03333333333333333,0.2,0.0
2008-05-01,18.76,17.174193548387098,7.28,6.4548387096774205,85.6,79.90322580645163,46.64,43.548387096774185,26.74,31.483870967741932,3.19,3.290322580645161,75.33,2.2193548387096773,75.3,2.2193548387096773,0.02,0.0,0.0,0.0
2008-06-01,24.12,24.53666666666667,12.54,14.686666666666666,87.06,85.56666666666666,48.29,53.8,25.31,28.766666666666666,2.87,2.8,64.95,3.68,64.95,3.68,0.0,0.0,0.0,0.0
2008-07-01,27.1,26.6,15.57,16.44193548387097,87.84,82.2258064516129,47.17,51.225806451612904,24.45,25.35483870967742,2.6,2.419354838709677,73.07,6.232258064516128,73.07,6.232258064516128,0.0,0.0,0.0,0.0
2008-08-01,26.01,24.574193548387093,14.85,14.683870967741935,90.5,85.2258064516129,50.2,51.74193548387096,22.68,24.903225806451612,2.37,3.290322580645161,73.99,2.987096774193549,73.99,2.987096774193549,0.0,0.0,0.0,0.0
2008-09-01,21.54,21.78666666666667,10.44,12.003333333333336,91.91,86.66666666666669,53.05,56.86666666666667,24.39,24.566666666666666,2.63,3.033333333333333,74.82,2.78,74.82,2.78,0.0,0.0,0.0,0.0
2008-10-01,14.16,14.009677419354839,4.5,3.967741935483871,91.57,83.45161290322581,56.8,52.354838709677416,25.95,26.935483870967737,3.58,5.548387096774193,62.19,1.2774193548387098,61.73,1.2774193548387098,0.34,0.0,0.0,0.0
2008-11-01,7.42,6.656666666666666,-0.32,-0.8033333333333335,91.06,85.26666666666667,62.82,59.8,28.25,26.36666666666667,4.9,5.1,73.65,2.6599999999999997,66.24,2.33,7.84,0.4366666666666667,0.4,0.4666666666666667
2008-12-01,1.44,1.0612903225806454,-5.86,-7.280645161290321,90.27,83.35483870967742,66.04,59.774193548387096,29.18,36.80645161290322,5.16,6.483870967741934,57.39,3.2193548387096773,34.78,1.2903225806451613,23.85,2.0903225806451613,2.7,8.258064516129032
2009-01-01,-1.48,-4.458064516129033,-9.39,-13.048387096774194,89.26,79.61290322580646,65.09,58.67741935483871,30.43,29.258064516129032,5.96,5.354838709677419,52.79,1.4322580645161291,26.47,0.03225806451612903,29.23,1.4838709677419355,5.7,16.35483870967742
2009-02-01,-0.71,0.8642857142857144,-9.12,-8.153571428571428,87.33,79.82142857142857,61.71,55.35714285714285,29.77,31.214285714285715,5.22,6.5,45.63,2.628571428571429,23.3,1.714285714285714,23.26,0.8714285714285712,6.4,9.571428571428571
2009-03-01,4.41,5.761290322580645,-4.65,-4.225806451612904,86.65,74.54838709677419,55.02,44.35483870967741,29.59,31.806451612903228,5.26,5.064516129032258,49.5,2.2193548387096778,31.53,2.1935483870967745,18.34,0.01935483870967742,3.1,0.0
2009-04-01,11.95,12.996666666666664,1.67,2.6466666666666665,84.46,72.2,47.49,39.833333333333336,30.12,38.266666666666666,4.58,8.0,68.44,4.453333333333333,62.23,4.3199999999999985,5.22,0.12666666666666665,0.2,0.03333333333333333
2009-05-01,18.69,18.906451612903226,7.25,7.23548387096774,85.21,74.09677419354837,46.38,42.70967741935485,26.9,32.61290322580645,3.21,4.806451612903227,75.35,1.961290322580645,75.32,1.961290322580645,0.02,0.0,0.0,0.0
2009-06-01,24.14,22.27666666666667,12.71,12.67333333333333,86.89,83.33333333333333,48.61,52.16666666666666,25.4,24.16666666666667,2.85,2.8666666666666667,67.79,2.3399999999999994,67.79,2.3399999999999994,0.0,0.0,0.0,0.0
2009-07-01,27.08,24.206451612903226,15.67,14.167741935483868,87.59,88.22580645161291,47.48,53.096774193548384,24.51,25.967741935483872,2.59,3.838709677419355,78.09,2.735483870967742,78.09,2.735483870967742,0.0,0.0,0.0,0.0
2009-08-01,25.95,25.474193548387102,14.9,15.719354838709677,90.23,90.77419354838709,50.35,55.967741935483865,22.85,28.548387096774192,2.44,3.9032258064516134,74.96,4.645161290322582,74.96,4.645161290322582,0.0,0.0,0.0,0.0
2009-09-01,21.59,21.87,10.55,11.800000000000002,91.65,91.56666666666666,53.16,53.53333333333333,24.43,24.23333333333333,2.64,4.066666666666666,73.13,1.34,73.13,1.34,0.0,0.0,0.0,0.0
2009-10-01,14.17,12.683870967741935,4.54,4.687096774193547,91.25,91.41935483870968,56.63,60.67741935483871,26.09,28.41935483870968,3.68,3.7741935483870965,61.64,2.2903225806451624,61.18,2.2903225806451624,0.34,0.0,0.0,0.0
2009-11-01,7.39,10.300000000000002,-0.28,1.59,90.85,92.93333333333334,62.78,61.86666666666667,28.29,23.33333333333333,4.92,2.7333333333333334,74.55,1.0733333333333333,67.09,1.0733333333333333,7.89,0.0,0.4,0.0
2009-12-01,1.44,0.8677419354838708,-5.89,-5.574193548387097,89.98,89.12903225806451,65.65,61.67741935483871,29.37,31.64516129032258,5.21,7.354838709677418,58.68,2.593548387096773,34.77,1.9677419354838712,25.29,0.4580645161290322,2.9,0.4516129032258064
2010-01-01,-1.49,-1.8935483870967744,-9.45,-8.538709677419357,88.86,87.48387096774192,64.64,64.12903225806451,30.36,30.935483870967737,5.88,8.64516129032258,51.95,0.7870967741935483,25.43,0.5483870967741935,29.39,0.3483870967741935,6.1,1.4193548387096775
2010-02-01,-0.46,2.061842760018148e-16,-8.89,-6.696428571428571,87.07,88.17857142857143,61.49,61.07142857142857,29.84,30.857142857142854,5.25,7.392857142857142,46.96,0.8857142857142858,24.5,0.0,23.16,0.9785714285714286,6.5,1.7142857142857142
2010-03-01,4.39,9.229032258064516,-4.68,-0.5483870967741935,86.04,77.90322580645163,54.49,43.161290322580655,29.79,28.483870967741932,5.29,7.67741935483871,50.19,2.0193548387096776,32.28,2.0193548387096776,18.26,0.0,3.1,0.06451612903225806
2010-04-01,12.04,16.223333333333333,1.74,4.713333333333334,83.85,73.9,47.04,36.2,30.39,30.93333333333333,4.67,5.833333333333332,69.94,1.206666666666667,64.48,1.206666666666667,4.49,0.0,0.2,0.0
2010-05-01,18.75,21.467741935483872,7.3,10.46451612903226,84.55,85.45161290322581,46.03,45.032258064516135,27.22,30.064516129032263,3.25,3.645161290322581,74.07,1.6451612903225803,74.04,1.6451612903225803,0.02,0.0,0.0,0.0
2010-06-01,24.1,23.76666666666667,12.78,14.639999999999995,86.67,93.5,48.73,53.43333333333333,25.35,29.4,2.79,3.7,67.74,6.386666666666666,67.74,6.386666666666666,0.0,0.0,0.0,0.0
2010-07-01,26.99,28.467741935483872,15.67,18.006451612903227,87.46,88.09677419354837,47.67,53.387096774193544,24.62,26.193548387096772,2.65,3.419354838709677,78.65,2.8903225806451616,78.65,2.8903225806451616,0.0,0.0,0.0,0.0
2010-08-01,25.99,27.41290322580645,15.0,17.351612903225806,90.06,90.25806451612905,50.41,55.354838709677416,22.97,26.258064516129032,2.5,3.3548387096774195,77.28,1.890322580645161,77.28,1.890322580645161,0.0,0.0,0.0,0.0
2010-09-01,21.6,21.24,10.67,11.606666666666667,91.55,93.36666666666666,53.19,57.86666666666667,24.43,29.8,2.69,4.7,72.98,2.94,72.98,2.94,0.0,0.0,0.0,0.0
2010-10-01,14.18,14.864516129032259,4.55,5.49032258064516,91.14,91.61290322580645,56.49,53.838709677419345,26.16,30.35483870967742,3.72,5.806451612903227,61.2,1.8451612903225807,60.74,1.8322580645161293,0.34,0.012903225806451613,0.0,0.0
2010-11-01,7.47,8.95,-0.22,-0.013333333333333315,90.79,92.2,62.55,58.8,28.11,27.7,4.93,3.633333333333333,72.41,2.2066666666666666,65.01,2.2066666666666666,7.86,0.0,0.4,0.0
2010-12-01,1.38,-0.8483870967741934,-5.91,-6.745161290322581,89.88,87.16129032258064,65.39,66.41935483870968,29.33,31.387096774193548,5.23,10.451612903225808,57.99,1.1870967741935483,33.99,0.9741935483870968,24.95,0.2258064516129032,2.8,0.6451612903225806
2011-01-01,-1.51,-3.1903225806451614,-9.44,-10.790322580645164,88.78,88.41935483870968,64.7,62.41935483870968,30.41,28.387096774193548,5.96,6.03225806451613,51.51,1.3548387096774193,24.97,0.3677419354838709,29.39,1.4129032258064518,6.1,10.322580645161288
2011-02-01,-0.35,-0.8892857142857141,-8.7,-9.807142857142855,87.05,85.60714285714286,61.55,58.25,29.93,33.17857142857143,5.32,7.892857142857142,47.25,1.6785714285714286,24.3,0.4964285714285714,23.61,1.6071428571428572,6.6,9.321428571428571
2011-03-01,4.62,3.7,-4.49,-4.65483870967742,85.6,84.80645161290323,53.96,54.354838709677416,29.66,30.516129032258068,5.41,7.193548387096773,49.52,2.9483870967741934,32.56,2.0258064516129037,17.28,0.9483870967741936,3.1,1.2258064516129032
2011-04-01,12.21,11.773333333333332,1.87,2.0266666666666664,83.28,86.2,46.45,49.63333333333333,30.34,35.56666666666667,4.69,4.8,67.42,3.22,61.96,3.1133333333333333,4.48,0.10666666666666666,0.2,0.0
2011-05-01,18.79,18.451612903225804,7.41,9.677419354838712,84.55,90.83870967741936,46.1,59.0,27.3,25.967741935483872,3.26,3.870967741935484,74.15,4.580645161290323,74.12,4.580645161290323,0.02,0.0,0.0,0.0
2011-06-01,24.19,24.19,12.95,13.973333333333334,86.71,83.73333333333333,48.83,50.46666666666667,25.35,28.1,2.82,5.566666666666666,71.15,1.9666666666666663,71.15,1.9666666666666663,0.0,0.0,0.0,0.0
2011-07-01,27.06,30.1,15.79,18.648387096774194,87.28,81.45161290322581,47.66,42.12903225806452,24.73,27.838709677419356,2.72,4.096774193548387,75.56,1.0451612903225806,75.56,1.0451612903225806,0.0,0.0,0.0,0.0
2011-08-01,26.01,27.21290322580645,15.05,16.61612903225806,89.93,86.90322580645163,50.43,49.32258064516129,23.12,26.677419354838708,2.55,2.9032258064516134,77.99,2.329032258064516,77.99,2.329032258064516,0.0,0.0,0.0,0.0
2011-09-01,21.61,22.23333333333333,10.75,13.143333333333334,91.53,90.6,53.29,58.36666666666667,24.56,24.3,2.81,3.966666666666667,74.15,2.833333333333334,74.15,2.833333333333334,0.0,0.0,0.0,0.0
2011-10-01,14.31,14.741935483870966,4.64,6.1774193548387135,91.15,90.74193548387095,56.35,59.548387096774185,26.22,25.70967741935484,3.8,4.870967741935483,60.15,3.8451612903225807,59.67,3.8451612903225807,0.36,0.0,0.0,0.0
2011-11-01,7.58,10.753333333333336,-0.17,2.413333333333333,90.83,88.73333333333332,62.42,57.6,28.01,30.966666666666665,4.9,5.6,73.44,3.2666666666666666,66.33,3.2133333333333334,7.5,0.05333333333333334,0.3,0.0
2011-12-01,1.4,4.377419354838708,-5.75,-2.841935483870968,89.7,90.29032258064517,65.32,65.70967741935483,29.37,27.193548387096772,5.47,5.451612903225807,57.06,1.6774193548387102,33.74,1.4064516129032258,24.21,0.26451612903225796,2.7,0.1935483870967742
2012-01-01,-1.43,1.896774193548387,-9.31,-5.325806451612901,88.67,89.61290322580645,64.48,60.354838709677416,30.58,31.967741935483872,6.06,5.387096774193548,52.51,1.7483870967741932,25.35,1.2129032258064516,30.35,0.5225806451612904,6.1,0.3870967741935484
2012-02-01,-0.45,3.075862068965517,-8.82,-3.7482758620689647,86.76,86.27586206896551,61.15,56.24137931034482,30.0,29.517241379310345,5.42,5.724137931034483,46.61,0.9172413793103448,23.25,0.4896551724137931,24.46,0.4344827586206897,6.8,0.3793103448275862
2012-03-01,4.58,12.403225806451614,-4.48,1.0258064516129033,85.43,87.03225806451613,53.89,48.967741935483865,29.75,29.096774193548388,5.53,5.032258064516129,51.97,0.5806451612903226,34.24,0.503225806451613,18.01,0.07741935483870968,3.1,0.03225806451612903
2012-04-01,12.16,12.79,1.88,1.7033333333333334,83.29,77.73333333333333,46.71,38.96666666666667,30.41,32.13333333333333,4.74,7.2,68.98,1.4533333333333334,63.43,1.393333333333333,4.57,0.06000000000000001,0.2,0.0
2012-05-01,18.8,22.12580645161291,7.55,10.987096774193551,84.71,81.03225806451613,46.57,44.096774193548384,27.37,24.741935483870968,3.29,2.3870967741935485,76.95,1.4322580645161291,76.91,1.4322580645161291,0.02,0.0,0.0,0.0
2012-06-01,24.22,26.10333333333333,13.04,15.079999999999995,86.45,83.33333333333333,48.81,45.73333333333333,25.4,27.466666666666665,2.98,4.966666666666667,71.07,2.546666666666667,71.07,2.546666666666667,0.0,0.0,0.0,0.0
2012-07-01,27.17,29.977419354838705,15.93,18.574193548387093,86.98,80.4193548387097,47.41,41.935483870967744,24.88,24.225806451612907,2.79,3.2580645161290325,74.42,3.2258064516129035,74.42,3.2258064516129035,0.0,0.0,0.0,0.0
2012-08-01,26.1,26.854838709677416,15.13,16.19677419354839,89.68,85.96774193548387,50.2,51.032258064516135,23.35,21.967741935483872,2.59,3.419354838709677,76.12,1.6903225806451612,76.12,1.6903225806451612,0.0,0.0,0.0,0.0
2012-09-01,21.72,21.51333333333334,10.87,11.163333333333336,91.39,87.23333333333332,53.24,51.5,24.57,22.766666666666666,2.87,2.8666666666666667,73.54,4.033333333333334,73.54,4.033333333333334,0.0,0.0,0.0,0.0
2012-10-01,14.44,14.161290322580648,4.77,6.219354838709678,91.01,91.80645161290323,56.15,62.032258064516135,26.25,27.12903225806452,3.85,5.193548387096773,59.62,4.077419354838709,59.44,4.077419354838709,0.15,0.0,0.0,0.0
2012-11-01,7.69,7.386666666666668,-0.06,-0.36000000000000004,90.67,84.83333333333333,62.3,56.66666666666666,28.29,22.466666666666665,4.98,4.933333333333334,74.78,0.34,67.67,0.34,7.5,0.0,0.3,0.0
2012-12-01,1.53,4.11290322580645,-5.64,-2.541935483870968,89.6,87.45161290322581,65.17,64.83870967741936,29.53,26.774193548387093,5.58,4.774193548387096,57.66,1.8838709677419356,34.9,1.3935483870967742,23.79,0.5225806451612904,2.6,1.0
2013-01-01,-1.2,1.8064516129032258,-8.98,-6.1000000000000005,88.61,87.96774193548387,64.37,62.096774193548384,30.48,31.0,5.99,4.580645161290323,52.51,2.141935483870968,25.93,1.7483870967741937,29.43,0.4645161290322581,5.9,1.7096774193548387
2013-02-01,-0.24,-1.007142857142857,-8.55,-8.082142857142857,86.57,89.7857142857143,60.8,63.964285714285715,30.1,29.42857142857143,5.43,4.607142857142857,46.56,3.2857142857142856,23.67,0.8535714285714286,23.97,2.3321428571428577,6.0,5.9642857142857135
2013-03-01,4.92,3.8870967741935485,-4.24,-3.6870967741935488,85.21,84.48387096774194,53.44,53.483870967741936,29.71,27.935483870967737,5.52,7.903225806451613,50.41,0.6967741935483871,33.37,0.4451612903225806,17.27,0.26451612903225796,2.8,2.7419354838709675
2013-04-01,12.23,11.046666666666665,1.98,1.0233333333333332,83.07,84.53333333333333,46.49,51.36666666666667,30.31,31.23333333333333,4.75,5.8,69.0,3.68,63.51,3.42,4.48,0.07333333333333332,0.2,0.0
2013-05-01,18.87,21.003225806451614,7.64,9.4,84.42,83.5806451612903,46.42,42.645161290322584,27.47,26.838709677419356,3.3,3.967741935483871,76.92,2.4580645161290327,76.89,2.438709677419355,0.02,0.012903225806451613,0.0,0.0
2013-06-01,24.42,23.44,13.21,14.283333333333335,86.07,87.96666666666668,48.41,51.3,25.59,25.466666666666665,3.09,5.033333333333333,69.87,3.353333333333333,69.87,3.353333333333333,0.0,0.0,0.0,0.0
2013-07-01,27.26,26.893548387096768,16.07,17.674193548387095,86.64,85.7741935483871,47.29,52.225806451612904,24.94,25.516129032258068,2.83,4.548387096774194,76.72,6.670967741935482,76.72,6.670967741935482,0.0,0.0,0.0,0.0
2013-08-01,26.22,25.96129032258065,15.29,15.751612903225805,89.42,85.06451612903227,50.15,47.41935483870968,23.28,25.935483870967737,2.64,4.096774193548387,73.86,2.2322580645161287,73.86,2.2322580645161287,0.0,0.0,0.0,0.0
2013-09-01,21.77,20.986666666666665,10.92,10.946666666666667,91.11,88.76666666666668,52.93,53.83333333333334,24.64,24.36666666666667,2.91,4.666666666666667,73.28,2.2999999999999994,73.28,2.2999999999999994,0.0,0.0,0.0,0.0
2013-10-01,14.41,15.42258064516129,4.84,6.174193548387097,90.94,89.64516129032258,56.22,54.74193548387096,26.41,24.935483870967737,3.97,5.290322580645161,62.39,2.9741935483870967,62.21,2.9741935483870967,0.15,0.0,0.0,0.0
2013-11-01,7.68,6.100000000000002,-0.08,-1.9866666666666668,90.38,83.33333333333333,61.91,54.66666666666666,28.21,33.63333333333333,5.02,7.7666666666666675,71.96,1.2066666666666668,64.88,1.04,7.47,0.16,0.3,0.2
2013-12-01,1.51,-1.0129032258064516,-5.62,-7.348387096774192,89.43,87.16129032258064,64.94,64.12903225806451,29.5,29.0,5.65,5.903225806451613,56.91,2.1225806451612903,34.44,1.3806451612903228,23.32,0.9451612903225806,2.5,4.032258064516129
2014-01-01,-1.13,-4.551612903225808,-8.92,-12.700000000000005,88.48,84.0,64.16,59.483870967741936,30.68,32.03225806451613,5.98,8.35483870967742,53.6,1.5032258064516129,27.02,0.5161290322580645,29.47,1.032258064516129,5.9,5.870967741935483
2014-02-01,-0.3,-4.3285714285714265,-8.59,-12.285714285714288,86.48,83.0,60.75,58.32142857142857,30.34,30.964285714285715,5.49,7.392857142857142,48.27,1.942857142857143,23.31,0.6071428571428571,25.89,1.4107142857142858,6.1,14.714285714285715
2014-03-01,4.9,0.5193548387096777,-4.25,-9.051612903225804,84.98,80.0,53.15,49.0,29.76,31.35483870967742,5.61,7.580645161290323,48.55,0.870967741935484,31.86,0.25806451612903225,16.97,0.9548387096774194,2.8,5.096774193548387
2014-04-01,12.26,11.08666666666667,1.98,1.0666666666666669,82.83,82.1,46.39,44.13333333333333,30.34,32.9,4.82,6.033333333333332,69.9,3.053333333333333,64.2,2.9466666666666668,4.49,0.1,0.2,0.1
2014-05-01,19.05,19.325806451612905,7.8,8.867741935483869,84.17,80.51612903225806,46.14,46.193548387096776,27.43,26.387096774193548,3.31,5.838709677419355,76.15,1.812903225806452,76.09,1.812903225806452,0.03,0.0,0.0,0.0
2014-06-01,24.36,25.08,13.3,14.463333333333333,86.06,81.26666666666667,48.76,47.4,25.76,25.3,3.24,4.166666666666667,72.12,3.2333333333333334,72.12,3.2333333333333334,0.0,0.0,0.0,0.0
2014-07-01,27.19,25.351612903225806,16.14,14.906451612903226,86.58,84.06451612903227,47.63,45.87096774193547,24.99,27.483870967741932,2.92,5.387096774193548,82.17,2.7741935483870965,82.17,2.7741935483870965,0.0,0.0,0.0,0.0
2014-08-01,26.19,25.264516129032263,15.31,15.39032258064516,89.12,87.22580645161291,50.07,51.25806451612904,23.48,24.0,2.73,5.483870967741934,72.43,1.2516129032258063,72.43,1.2516129032258063,0.0,0.0,0.0,0.0
2014-09-01,21.69,21.92,10.95,11.383333333333333,90.97,89.26666666666668,53.1,53.83333333333334,24.72,24.63333333333333,3.01,3.966666666666667,73.75,3.4266666666666667,73.75,3.4266666666666667,0.0,0.0,0.0,0.0
2014-10-01,14.47,15.09032258064516,4.91,6.458064516129032,90.82,89.80645161290323,56.04,60.096774193548384,26.43,27.806451612903228,4.01,6.129032258064517,61.85,1.7935483870967743,61.67,1.7483870967741937,0.15,0.045161290322580636,0.0,0.0
2014-11-01,7.65,5.723333333333333,-0.12,-1.8666666666666667,90.0,86.03333333333332,61.39,58.06666666666667,28.44,33.6,5.11,8.733333333333333,70.19,1.4533333333333336,63.29,0.9933333333333334,7.23,0.4833333333333333,0.4,0.7333333333333333
2014-12-01,1.57,2.65483870967742,-5.53,-2.6225806451612907,89.31,87.25806451612905,64.73,63.645161290322584,29.44,28.451612903225808,5.64,7.548387096774193,56.37,1.1032258064516127,34.33,0.4903225806451613,23.09,0.6774193548387095,2.6,1.4838709677419355
2015-01-01,-1.11,-2.783870967741936,-8.87,-12.290322580645164,88.25,83.61290322580646,63.89,54.032258064516135,30.91,32.74193548387097,6.14,8.870967741935484,54.14,1.0193548387096771,27.43,0.4903225806451613,29.43,0.5225806451612904,5.8,1.1612903225806452
2015-02-01,-0.53,-8.185714285714287,-8.81,-16.967857142857145,86.09,81.28571428571429,60.36,55.53571428571429,30.56,30.392857142857146,5.63,8.0,48.12,1.175,22.57,0.0,26.4,1.3928571428571428,6.4,14.892857142857142
2015-03-01,4.92,2.8774193548387097,-4.25,-6.590322580645161,84.57,81.29032258064517,52.75,45.58064516129032,29.86,32.774193548387096,5.68,6.612903225806452,47.47,0.4612903225806451,30.94,0.3,17.14,0.16774193548387098,2.7,5.225806451612904
2015-04-01,12.23,13.09,1.94,1.9633333333333336,82.63,83.1,46.26,41.36666666666667,30.52,32.53333333333333,4.88,6.533333333333332,71.0,2.626666666666667,65.26,2.5733333333333333,4.53,0.06666666666666668,0.2,0.13333333333333333
2015-05-01,19.18,22.58709677419355,7.93,9.793548387096775,83.88,78.16129032258064,45.97,42.61290322580645,27.39,28.193548387096772,3.41,5.516129032258066,74.59,2.0258064516129037,74.54,2.0258064516129037,0.03,0.0,0.0,0.0
2015-06-01,24.39,22.35333333333334,13.38,13.509999999999998,85.81,87.36666666666666,48.77,53.83333333333334,25.78,24.8,3.33,3.533333333333333,73.75,5.34,73.75,5.34,0.0,0.0,0.0,0.0
2015-07-01,27.17,27.17096774193549,16.18,15.90967741935484,86.36,80.19354838709677,47.57,44.32258064516129,25.18,25.483870967741932,3.07,4.838709677419356,82.92,0.7870967741935483,82.92,0.7870967741935483,0.0,0.0,0.0,0.0
2015-08-01,26.12,25.532258064516128,15.33,15.835483870967733,88.89,85.6774193548387,50.17,49.903225806451616,23.62,23.580645161290327,2.86,4.774193548387096,71.59,2.367741935483871,71.59,2.367741935483871,0.0,0.0,0.0,0.0
2015-09-01,21.78,24.71999999999999,11.05,14.613333333333333,90.78,86.3,53.11,52.33333333333334,24.84,23.03333333333333,3.07,4.433333333333334,74.69,2.066666666666667,74.69,2.066666666666667,0.0,0.0,0.0,0.0
2015-10-01,14.46,14.403225806451607,4.95,5.422580645161292,90.65,84.51612903225806,56.01,51.25806451612904,26.75,29.580645161290327,4.17,6.774193548387097,62.83,2.180645161290323,62.6,2.180645161290323,0.2,0.0,0.0,0.0
2015-11-01,7.59,11.04,-0.12,1.916666666666667,89.72,86.46666666666668,61.24,55.66666666666666,28.75,28.03333333333333,5.25,6.533333333333332,69.32,1.1799999999999995,61.97,1.1533333333333329,7.69,0.03333333333333333,0.4,0.03333333333333333
2015-12-01,1.53,7.3129032258064495,-5.47,0.9193548387096774,89.07,88.74193548387095,64.54,64.45161290322581,29.36,28.516129032258068,5.71,6.580645161290323,55.47,1.470967741935484,33.46,1.3741935483870968,23.14,0.1032258064516129,2.7,0.0967741935483871
2016-01-01,-1.06,0.267741935483871,-8.86,-7.503225806451613,87.97,83.25806451612904,63.42,57.32258064516129,30.91,30.87096774193548,6.21,7.580645161290323,52.64,1.2387096774193551,27.56,0.9225806451612903,28.1,0.3419354838709677,5.5,0.7419354838709677
2016-02-01,-0.75,2.1172413793103444,-9.05,-6.679310344827586,85.69,82.34482758620689,59.89,50.51724137931034,30.44,33.03448275862069,5.7,8.172413793103447,46.39,1.6137931034482758,21.35,1.006896551724138,26.33,0.6137931034482759,6.5,1.0689655172413792
2016-03-01,4.84,6.8032258064516125,-4.31,-1.5258064516129028,84.26,84.87096774193549,52.58,52.161290322580655,29.82,27.70967741935484,5.66,4.483870967741935,45.33,2.5806451612903225,29.73,2.0387096774193547,16.36,0.41935483870967744,2.9,0.935483870967742
2016-04-01,12.23,9.866666666666667,1.95,-0.21,82.46,75.53333333333333,46.01,37.93333333333333,30.54,28.13333333333333,4.97,5.633333333333334,72.52,1.9933333333333336,66.92,1.2233333333333334,4.41,0.6766666666666669,0.3,0.6
2016-05-01,19.27,20.354838709677423,8.03,8.790322580645162,83.57,76.5806451612903,45.93,38.2258064516129,27.4,27.87096774193548,3.45,4.354838709677419,74.16,1.1032258064516127,74.1,1.1032258064516127,0.03,0.0,0.0,0.0
2016-06-01,24.42,26.05666666666667,13.51,13.87,85.8,71.3,48.99,33.266666666666666,25.68,29.66666666666667,3.32,5.533333333333332,77.85,0.88,77.85,0.88,0.0,0.0,0.0,0.0
2016-07-01,27.23,29.34193548387097,16.26,18.02258064516129,85.99,78.61290322580646,47.41,38.83870967741935,25.21,28.225806451612907,3.13,4.741935483870968,80.69,1.283870967741935,80.69,1.283870967741935,0.0,0.0,0.0,0.0
2016-08-01,26.14,29.81935483870968,15.4,18.725806451612907,88.7,83.3225806451613,50.19,42.12903225806452,23.65,26.193548387096772,2.94,4.387096774193549,68.56,2.1548387096774198,68.56,2.1548387096774198,0.0,0.0,0.0,0.0
2016-09-01,21.84,24.66,11.16,14.203333333333328,90.53,84.26666666666667,53.07,45.43333333333333,24.77,24.3,3.13,4.666666666666667,74.83,2.213333333333333,74.83,2.213333333333333,0.0,0.0,0.0,0.0
2016-10-01,14.46,15.993548387096775,4.98,7.683870967741933,90.37,87.80645161290323,55.88,57.903225806451616,26.84,25.838709677419356,4.26,6.064516129032258,63.34,1.3096774193548388,63.11,1.3096774193548388,0.2,0.0,0.0,0.0
2016-11-01,7.76,11.173333333333336,-0.08,2.276666666666667,89.44,89.33333333333331,60.75,58.16666666666666,28.73,26.86666666666667,5.19,5.633333333333334,65.1,1.84,58.14,1.8066666666666664,7.36,0.03333333333333333,0.4,0.2
2016-12-01,1.82,1.3483870967741938,-5.19,-4.554838709677417,88.99,88.25806451612905,64.39,61.0,29.29,34.96774193548387,5.61,8.193548387096774,55.79,2.4967741935483865,34.42,1.0580645161290319,22.41,1.4322580645161291,2.5,7.193548387096773
2017-01-01,-1.0,1.0612903225806452,-8.8,-4.3451612903225785,87.76,87.03225806451613,63.06,62.935483870967744,30.81,30.677419354838708,6.23,7.258064516129032,53.03,2.2516129032258068,28.01,1.9096774193548385,27.83,0.3290322580645161,5.4,0.1935483870967742
2017-02-01,-0.58,3.4821428571428568,-8.96,-3.9357142857142873,85.38,84.32142857142857,59.21,55.75,30.68,33.785714285714285,5.82,6.892857142857142,46.84,2.064285714285714,21.86,1.3714285714285717,26.25,0.7428571428571429,6.2,1.6428571428571428
2017-03-01,4.88,3.4967741935483865,-4.21,-4.53225806451613,84.09,81.5806451612903,52.33,48.12903225806453,29.74,35.41935483870968,5.64,8.129032258064516,46.37,2.2516129032258063,30.69,1.9096774193548387,16.31,0.21935483870967745,2.9,0.1935483870967742
2017-04-01,12.13,14.496666666666664,1.88,4.286666666666665,82.04,83.26666666666667,45.73,47.23333333333333,30.55,31.93333333333333,5.0,6.8,72.72,3.693333333333334,66.42,3.626666666666667,5.02,0.06666666666666668,0.4,0.03333333333333333
2017-05-01,19.28,17.07096774193549,8.04,8.041935483870967,83.26,84.64516129032258,45.55,48.806451612903224,27.48,29.612903225806452,3.47,5.96774193548387,72.79,4.6000000000000005,72.74,4.6000000000000005,0.03,0.0,0.0,0.0
2017-06-01,24.53,24.52,13.64,14.2,85.18,84.2,48.45,46.23333333333333,25.85,27.4,3.42,4.933333333333334,76.48,3.24,76.48,3.24,0.0,0.0,0.0,0.0
2017-07-01,27.32,26.583870967741927,16.34,16.887096774193548,85.62,85.3225806451613,47.03,49.41935483870968,25.38,24.225806451612907,3.23,4.645161290322581,77.94,1.2129032258064516,77.94,1.2129032258064516,0.0,0.0,0.0,0.0
2017-08-01,26.32,25.109677419354835,15.61,14.941935483870964,88.38,86.25806451612905,49.87,50.064516129032256,23.81,25.64516129032258,3.01,5.129032258064517,65.92,2.412903225806452,65.92,2.412903225806452,0.0,0.0,0.0,0.0
2017-09-01,22.02,24.370000000000005,11.3,13.073333333333332,90.16,86.23333333333332,52.57,46.6,24.89,23.13333333333333,3.24,3.2,69.97,0.9933333333333334,69.97,0.9933333333333334,0.0,0.0,0.0,0.0
2017-10-01,14.53,18.45806451612904,5.12,8.09032258064516,90.22,86.45161290322581,55.9,50.967741935483865,27.01,27.0,4.4,5.064516129032258,62.87,1.8645161290322585,62.64,1.8645161290322585,0.2,0.0,0.0,0.0
2017-11-01,7.94,7.596666666666667,0.08,-0.1933333333333333,89.4,83.56666666666666,60.71,54.7,28.72,30.4,5.25,6.066666666666666,65.46,1.9933333333333332,59.02,1.9533333333333331,6.92,0.04,0.4,0.06666666666666668
2017-12-01,1.81,-1.512903225806452,-5.2,-8.796774193548387,88.9,81.7741935483871,64.1,57.29032258064516,29.53,28.161290322580644,5.74,7.806451612903227,56.13,1.303225806451613,33.72,0.2903225806451613,23.45,1.261290322580645,2.8,4.709677419354839
2018-01-01,-0.93,-1.274193548387096,-8.67,-9.958064516129033,87.6,81.03225806451613,62.88,58.516129032258064,30.92,30.41935483870968,6.33,6.387096774193548,53.47,1.9935483870967736,29.97,1.3225806451612905,26.22,0.6903225806451613,5.1,4.129032258064516
2018-02-01,-0.44,2.589285714285715,-8.73,-6.221428571428571,85.31,83.60714285714286,59.16,57.75,30.9,30.964285714285715,5.88,5.892857142857142,48.27,2.3357142857142863,23.01,1.3214285714285714,26.61,1.0285714285714287,6.1,4.321428571428571
2018-03-01,4.74,4.058064516129032,-4.23,-3.7903225806451615,83.86,76.87096774193549,52.22,44.29032258064516,30.03,31.516129032258068,5.76,9.129032258064516,47.15,1.0516129032258066,31.53,0.8645161290322579,16.06,0.2838709677419355,2.9,0.2903225806451613
2018-04-01,12.14,7.973333333333333,1.91,-1.1433333333333335,81.82,80.13333333333334,45.65,47.0,30.64,32.2,5.06,6.7,74.75,5.0200000000000005,68.6,3.506666666666667,4.92,0.3466666666666667,0.3,0.5
2018-05-01,19.14,22.777419354838713,8.05,11.109677419354837,83.3,75.87096774193549,45.77,39.25806451612903,27.61,27.064516129032263,3.58,4.419354838709677,76.56,2.109677419354839,76.5,2.109677419354839,0.03,0.0,0.0,0.0
2018-06-01,24.48,24.55666666666666,13.67,14.443333333333333,85.07,79.5,48.6,45.8,25.96,26.6,3.52,4.5,77.44,1.6666666666666667,77.44,1.6666666666666667,0.0,0.0,0.0,0.0
2018-07-01,27.28,28.709677419354843,16.33,18.05161290322581,85.45,80.19354838709677,46.99,44.806451612903224,25.44,25.612903225806452,3.34,4.419354838709677,75.59,2.064516129032258,75.59,2.064516129032258,0.0,0.0,0.0,0.0
2018-08-01,26.31,27.75806451612904,15.65,18.590322580645164,88.23,86.77419354838709,49.96,54.032258064516135,23.9,24.387096774193548,3.13,4.387096774193549,66.67,3.812903225806452,66.67,3.812903225806452,0.0,0.0,0.0,0.0
2018-09-01,22.14,23.513333333333332,11.4,14.463333333333333,89.82,88.1,52.18,56.06666666666667,24.97,26.0,3.3,4.433333333333334,67.36,1.6666666666666667,67.36,1.6666666666666667,0.0,0.0,0.0,0.0
2018-10-01,14.74,13.025806451612905,5.33,4.77741935483871,89.96,86.93548387096773,55.77,58.516129032258064,27.14,29.064516129032263,4.5,6.161290322580645,63.19,2.2516129032258068,63.0,2.148387096774194,0.17,0.07741935483870968,0.0,0.0
2018-11-01,7.93,4.29,0.11,-1.2399999999999998,89.09,86.4,60.39,59.26666666666666,28.85,29.9,5.32,7.2666666666666675,64.68,3.506666666666667,58.38,2.806666666666666,6.77,0.52,0.4,0.6666666666666666
2018-12-01,1.67,2.841935483870968,-5.39,-3.206451612903226,88.5,85.16129032258064,63.6,65.0,29.52,26.516129032258068,5.8,5.774193548387097,55.9,1.6774193548387095,32.94,1.5354838709677419,24.33,0.17419354838709675,3.0,0.25806451612903225
2019-01-01,-0.97,-2.2677419354838717,-8.7,-11.022580645161293,87.36,80.25806451612904,62.89,58.032258064516135,30.89,33.16129032258065,6.27,8.870967741935484,54.82,2.180645161290323,30.77,0.4774193548387096,26.77,2.0451612903225804,5.3,4.774193548387096
2019-02-01,-0.3,-0.0999999999999998,-8.55,-8.285714285714286,85.15,83.07142857142857,58.98,60.964285714285715,30.89,33.82142857142857,5.79,8.285714285714286,48.3,2.7142857142857144,23.84,1.25,25.84,1.539285714285714,6.0,6.428571428571429
2019-03-01,4.75,3.1,-4.18,-5.396774193548388,83.55,75.3225806451613,51.85,49.354838709677416,30.13,32.29032258064516,5.9,7.129032258064517,47.45,2.0580645161290323,31.71,1.7483870967741937,16.27,0.26451612903225796,2.9,4.32258064516129
2019-04-01,12.05,10.683333333333334,1.84,2.1666666666666665,81.52,81.33333333333333,45.38,50.1,30.74,32.3,5.15,5.366666666666666,77.93,3.1133333333333337,70.26,3.0733333333333333,5.26,0.013333333333333334,0.4,0.0
2019-05-01,19.23,16.564516129032267,8.16,6.948387096774193,83.05,89.35483870967742,45.65,53.0,27.68,30.161290322580644,3.61,5.709677419354839,77.42,3.1483870967741923,77.36,3.1483870967741923,0.03,0.0,0.0,0.0
2019-06-01,24.47,23.130000000000006,13.81,13.203333333333335,85.15,84.76666666666667,48.99,45.46666666666667,26.0,30.13333333333333,3.49,5.633333333333334,78.28,3.62,78.28,3.62,0.0,0.0,0.0,0.0
2019-07-01,27.25,28.53870967741936,16.39,18.177419354838708,85.28,84.12903225806451,47.16,48.064516129032256,25.62,27.935483870967737,3.43,5.548387096774193,74.06,3.361290322580645,74.06,3.361290322580645,0.0,0.0,0.0,0.0
2019-08-01,26.32,26.264516129032263,15.76,16.3,88.11,84.61290322580646,50.24,44.451612903225815,23.99,28.64516129032258,3.2,6.354838709677418,69.37,1.4387096774193548,69.37,1.4387096774193548,0.0,0.0,0.0,0.0
2019-09-01,22.22,22.323333333333334,11.55,12.76333333333333,89.67,89.86666666666666,52.34,53.5,24.99,29.4,3.34,5.8,66.68,1.5466666666666669,66.68,1.5466666666666669,0.0,0.0,0.0,0.0
2019-10-01,14.78,15.141935483870967,5.4,5.8870967741935445,89.74,91.22580645161291,55.8,55.612903225806456,27.17,31.12903225806452,4.51,6.741935483870968,63.27,4.393548387096775,62.97,4.393548387096775,0.25,0.0,0.0,0.0
2019-11-01,7.81,4.523333333333333,0.03,-2.7566666666666664,88.93,89.46666666666668,60.25,60.1,28.82,29.23333333333333,5.33,7.433333333333334,66.25,1.36,59.25,0.7733333333333334,7.29,0.6399999999999999,0.4,2.4
2019-12-01,1.72,2.683870967741936,-5.26,-4.254838709677421,88.37,88.58064516129032,63.63,65.93548387096774,29.35,30.225806451612907,5.78,7.838709677419355,56.58,2.2967741935483867,33.9,1.3741935483870968,23.99,0.9419354838709678,3.0,2.129032258064516
2020-01-01,-1.1,1.780645161290323,-8.86,-4.796774193548386,87.06,89.87096774193549,62.76,65.74193548387096,30.85,28.35483870967742,6.39,7.645161290322582,56.21,4.238709677419357,30.64,3.406451612903226,28.51,0.9806451612903224,5.5,2.6451612903225805
2020-02-01,-0.23,0.5379310344827588,-8.47,-6.710344827586206,85.08,84.41379310344827,59.15,57.206896551724135,30.94,31.068965517241377,5.86,8.068965517241379,50.2,1.7931034482758617,24.98,0.03448275862068965,26.54,1.8413793103448275,6.2,5.517241379310344
2020-03-01,4.77,7.293548387096774,-4.14,-0.919354838709677,83.07,86.90322580645163,51.6,52.935483870967744,30.27,32.225806451612904,5.97,7.258064516129032,48.34,1.7354838709677418,33.03,1.5096774193548386,15.98,0.2129032258064516,3.0,0.4838709677419355
2020-04-01,12.06,10.716666666666667,1.91,1.0799999999999996,81.31,81.3,45.51,39.63333333333333,30.85,34.46666666666667,5.25,7.2333333333333325,79.67,1.3666666666666667,72.12,1.3533333333333335,5.08,0.013333333333333334,0.4,0.0
2020-05-01,19.16,17.29354838709677,8.15,6.793548387096774,83.08,82.4193548387097,45.85,42.29032258064515,27.8,27.322580645161292,3.68,5.354838709677419,78.03,1.3935483870967742,78.01,1.2903225806451617,0.01,0.10322580645161288,0.0,0.0
2020-06-01,24.46,26.55,13.8,14.32,84.87,81.66666666666667,48.66,39.86666666666667,26.25,26.73333333333333,3.6,5.7333333333333325,78.74,1.66,78.74,1.66,0.0,0.0,0.0,0.0
2020-07-01,27.28,30.351612903225824,16.49,19.512903225806447,85.22,83.25806451612904,47.38,45.67741935483871,25.86,26.87096774193548,3.56,5.516129032258066,75.19,2.1806451612903217,75.19,2.1806451612903217,0.0,0.0,0.0,0.0
2020-08-01,26.35,27.4225806451613,15.84,16.64516129032258,87.87,87.61290322580645,50.08,47.32258064516129,24.44,27.032258064516128,3.37,4.645161290322581,69.53,2.9354838709677415,69.53,2.9354838709677415,0.0,0.0,0.0,0.0
2020-09-01,22.25,22.03666666666667,11.65,11.53,89.57,87.46666666666668,52.36,47.6,25.19,25.8,3.48,4.933333333333334,66.75,1.36,66.75,1.36,0.0,0.0,0.0,0.0
2020-10-01,14.77,13.67741935483871,5.46,4.822580645161289,89.65,91.0,55.83,55.225806451612904,27.35,27.741935483870968,4.61,5.548387096774193,65.27,1.9483870967741936,64.98,1.9483870967741936,0.25,0.0,0.0,0.0
2020-11-01,7.74,11.133333333333333,0.03,2.4966666666666653,88.91,86.43333333333334,60.23,54.36666666666667,28.63,29.9,5.43,6.433333333333334,64.99,2.1933333333333334,57.41,1.4,7.77,0.7799999999999999,0.6,1.5
2020-12-01,1.99,2.577419354838709,-4.91,-3.1741935483870964,88.35,89.35483870967742,63.72,63.74193548387096,29.48,30.193548387096772,5.88,8.225806451612902,58.16,2.064516129032258,35.2,0.8838709677419355,23.94,1.1677419354838714,2.9,2.7741935483870965
